Workbook

Sheet Inputs
B2: ASME B31.3 Piping 3D Multi-Element FEA Solver
B3: Edit values in yellow cells. Calculations update automatically in all sheets.
B5: 1. MATERIAL PROPERTIES | J5: 6. GLOBAL DESIGN LOADS
B6: Material ID | C6: E (Pa) | D6: G (Pa) | E6: alpha (1/°C) | F6: Yield Strength (Pa) | G6: Sc (Pa) | H6: Sh (Pa) | J6: Parameter Name | K6: Value | L6: Unit
B7: mat1 | C7: 200000000000 | D7: 77000000000 | E7: 1.2e-05 | F7: 250000000 | G7: 137900000 | H7: 137900000 | J7: global_gravity_x | K7: 0 | L7: m/s²
J8: global_gravity_y | K8: -9.81 | L8: m/s²
J9: global_gravity_z | K9: 0 | L9: m/s²
B10: 2. SECTION PROPERTIES | J10: global_internal_pressure | K10: 2000000 | L10: Pa
B11: Section ID | C11: Outer Diameter (m) | D11: Wall Thickness (m) | E11: Type | F11: Fluid Density (kg/m³) | G11: Insulation Thickness (m) | H11: Insulation Density (kg/m³) | J11: global_temperature_change | K11: 120 | L11: °C
B12: sec1 | C12: 0.1143 | D12: 0.00602 | E12: pipe | F12: 1000 | G12: 0.025 | H12: 200
B15: 3. NODES COORDINATES
B16: Node ID | C16: X (m) | D16: Y (m) | E16: Z (m)
B17: 0 | C17: 0 | D17: 0 | E17: 0
B18: 1 | C18: 3 | D18: 0 | E18: 0
B19: 2 | C19: 3 | D19: 3 | E19: 0
B20: 3 | C20: 5 | D20: 3 | E20: 0
B21: 4 | C21: 3 | D21: 3 | E21: 2
B22: 5
B23: 6
B24: 7
B27: 4. ELEMENTS CONNECTIVITY
B28: Element ID | C28: Node A | D28: Node B | E28: Type | F28: Bend Radius (m) | G28: Material ID | H28: Section ID
B29: 0 | C29: 0 | D29: 1 | E29: pipe | G29: mat1 | H29: sec1
B30: 1 | C30: 1 | D30: 2 | E30: bend | F30: 0.17145 | G30: mat1 | H30: sec1
B31: 2 | C31: 2 | D31: 3 | E31: pipe | G31: mat1 | H31: sec1
B32: 3 | C32: 2 | D32: 4 | E32: pipe | G32: mat1 | H32: sec1
B33: 4 | E33: pipe | G33: mat1 | H33: sec1
B34: 5 | E34: pipe | G34: mat1 | H34: sec1
B35: 6 | E35: pipe | G35: mat1 | H35: sec1
B38: 5. NODAL BOUNDARY CONDITIONS
B39: Node ID | C39: tx | D39: ty | E39: tz | F39: rx | G39: ry | H39: rz
B40: 0 | C40: TRUE | D40: TRUE | E40: TRUE | F40: TRUE | G40: TRUE | H40: TRUE
B41: 3 | D41: 50000
B42: 4 | C42: TRUE | E42: TRUE
B43: 1
B44: 2
B45: 5
B46: 6
B47: 7

Sheet Element_Stiffness
A1: 3D Finite Element Local & Global Stiffness Matrices
B4: ELEMENT 0 ANALYSIS BLOCK
B5: Node A ID | C5: =Inputs!C29 | D5: Node B ID | E5: =Inputs!D29
B6: Is Active? | C6: =AND(C5<>"",E5<>"")
B7: Node A Coord | C7: =IF(C6,VLOOKUP(C5,Inputs!$B$17:$E$24,2,FALSE),0.0) | D7: =IF(C6,VLOOKUP(C5,Inputs!$B$17:$E$24,3,FALSE),0.0) | E7: =IF(C6,VLOOKUP(C5,Inputs!$B$17:$E$24,4,FALSE),0.0) | F7: Node B Coord | G7: =IF(C6,VLOOKUP(E5,Inputs!$B$17:$E$24,2,FALSE),0.0) | H7: =IF(C6,VLOOKUP(E5,Inputs!$B$17:$E$24,3,FALSE),0.0) | I7: =IF(C6,VLOOKUP(E5,Inputs!$B$17:$E$24,4,FALSE),0.0)
B8: deltas dx,dy,dz | C8: =G7-C7 | D8: =H7-D7 | E8: =I7-E7 | F8: Length L | G8: =IF(C6,SQRT(C8^2+D8^2+E8^2),1.0)
B9: dir cosines lx,my,nz | C9: =C8/G8 | D9: =D8/G8 | E9: =E8/G8 | F9: D_is_zero | G9: =AND(ABS(C9)<1E-5,ABS(D9)<1E-5) | H9: D | I9: =SQRT(C9^2+D9^2) | L9: ROTATION MATRIX lambda
B10: Material E, G, alpha | C10: =VLOOKUP(Inputs!G29,Inputs!$B$7:$H$8,2,FALSE) | D10: =VLOOKUP(Inputs!G29,Inputs!$B$7:$H$8,3,FALSE) | E10: =VLOOKUP(Inputs!G29,Inputs!$B$7:$H$8,4,FALSE) | L10: =C9 | M10: =D9 | N10: =E9
B11: Section OD, t | C11: =VLOOKUP(Inputs!H29,Inputs!$B$12:$H$13,2,FALSE) | D11: =VLOOKUP(Inputs!H29,Inputs!$B$12:$H$13,3,FALSE) | L11: =IF(G9,0,-D9/I9) | M11: =IF(G9,IF(E9>0,1,-1),C9/I9) | N11: 0
B12: ro, ri | C12: =C11/2 | D12: =C12-D11 | E12: Area A | F12: =PI()*(C12^2-D12^2) | L12: =IF(G9,IF(E9>0,-1,1),-C9*E9/I9) | M12: =IF(G9,0,-D9*E9/I9) | N12: =IF(G9,0,I9)
B13: Inertia I, J | C13: =(PI()/4)*(C12^4-D12^4) | D13: =C13*2 | E13: Flex Factor k | F13: =IF(Inputs!E29="bend",IF(Inputs!F29<>"",MAX(1.0,1.65/((D11*Inputs!F29)/(((C11-D11)/2)^2))),1.0),1.0)
D14: =IF(C6,$C$10*$F$12/$G$8,0) | E14: 0 | F14: 0 | G14: 0 | H14: 0 | I14: 0 | J14: =-D14 | K14: 0 | L14: 0 | M14: 0 | N14: 0 | O14: 0 | P14: =L10 | Q14: =M10 | R14: =N10 | S14: 0 | T14: 0 | U14: 0 | V14: 0 | W14: 0 | X14: 0 | Y14: 0 | Z14: 0 | AA14: 0 | AG14: =INDEX(Global_Solver!$BC$5:$BC$52, 6*C5+1, 1) | AH14: =SUMPRODUCT(P14:AA14, AG14:AG25) | AI14: =SUMPRODUCT(D14:O14, AH14:AH25)-B26
D15: 0 | E15: =IF(C6,=(12*$C$10*($C$13/$F$13))/($G$8^3),0) | F15: 0 | G15: 0 | H15: 0 | I15: =IF(C6,=(6*$C$10*($C$13/$F$13))/($G$8^2),0) | J15: 0 | K15: =-E15 | L15: 0 | M15: 0 | N15: 0 | O15: =I15 | P15: =L11 | Q15: =M11 | R15: =N11 | S15: 0 | T15: 0 | U15: 0 | V15: 0 | W15: 0 | X15: 0 | Y15: 0 | Z15: 0 | AA15: 0 | AG15: =INDEX(Global_Solver!$BC$5:$BC$52, 6*C5+2, 1) | AH15: =SUMPRODUCT(P15:AA15, AG14:AG25) | AI15: =SUMPRODUCT(D15:O15, AH14:AH25)-B27
D16: 0 | E16: 0 | F16: =IF(C6,=(12*$C$10*($C$13/$F$13))/($G$8^3),0) | G16: 0 | H16: =IF(C6,-=(6*$C$10*($C$13/$F$13))/($G$8^2),0) | I16: 0 | J16: 0 | K16: 0 | L16: =-F16 | M16: 0 | N16: =H16 | O16: 0 | P16: =L12 | Q16: =M12 | R16: =N12 | S16: 0 | T16: 0 | U16: 0 | V16: 0 | W16: 0 | X16: 0 | Y16: 0 | Z16: 0 | AA16: 0 | AG16: =INDEX(Global_Solver!$BC$5:$BC$52, 6*C5+3, 1) | AH16: =SUMPRODUCT(P16:AA16, AG14:AG25) | AI16: =SUMPRODUCT(D16:O16, AH14:AH25)-B28
D17: 0 | E17: 0 | F17: 0 | G17: =IF(C6,$D$10*$D$13/$G$8,0) | H17: 0 | I17: 0 | J17: 0 | K17: 0 | L17: 0 | M17: =-G17 | N17: 0 | O17: 0 | P17: 0 | Q17: 0 | R17: 0 | S17: =L10 | T17: =M10 | U17: =N10 | V17: 0 | W17: 0 | X17: 0 | Y17: 0 | Z17: 0 | AA17: 0 | AG17: =INDEX(Global_Solver!$BC$5:$BC$52, 6*C5+4, 1) | AH17: =SUMPRODUCT(P17:AA17, AG14:AG25) | AI17: =SUMPRODUCT(D17:O17, AH14:AH25)-B29
D18: 0 | E18: 0 | F18: =H16 | G18: 0 | H18: =IF(C6,=(4*$C$10*($C$13/$F$13))/$G$8,0) | I18: 0 | J18: 0 | K18: 0 | L18: =-H16 | M18: 0 | N18: =IF(C6,=(2*$C$10*($C$13/$F$13))/$G$8,0) | O18: 0 | P18: 0 | Q18: 0 | R18: 0 | S18: =L11 | T18: =M11 | U18: =N11 | V18: 0 | W18: 0 | X18: 0 | Y18: 0 | Z18: 0 | AA18: 0 | AG18: =INDEX(Global_Solver!$BC$5:$BC$52, 6*C5+5, 1) | AH18: =SUMPRODUCT(P18:AA18, AG14:AG25) | AI18: =SUMPRODUCT(D18:O18, AH14:AH25)-B30
D19: 0 | E19: =I15 | F19: 0 | G19: 0 | H19: 0 | I19: =IF(C6,=(4*$C$10*($C$13/$F$13))/$G$8,0) | J19: 0 | K19: =-I15 | L19: 0 | M19: 0 | N19: 0 | O19: =IF(C6,=(2*$C$10*($C$13/$F$13))/$G$8,0) | P19: 0 | Q19: 0 | R19: 0 | S19: =L12 | T19: =M12 | U19: =N12 | V19: 0 | W19: 0 | X19: 0 | Y19: 0 | Z19: 0 | AA19: 0 | AG19: =INDEX(Global_Solver!$BC$5:$BC$52, 6*C5+6, 1) | AH19: =SUMPRODUCT(P19:AA19, AG14:AG25) | AI19: =SUMPRODUCT(D19:O19, AH14:AH25)-B31
D20: =J14 | E20: 0 | F20: 0 | G20: 0 | H20: 0 | I20: 0 | J20: =-J14 | K20: 0 | L20: 0 | M20: 0 | N20: 0 | O20: 0 | P20: 0 | Q20: 0 | R20: 0 | S20: 0 | T20: 0 | U20: 0 | V20: =L10 | W20: =M10 | X20: =N10 | Y20: 0 | Z20: 0 | AA20: 0 | AG20: =INDEX(Global_Solver!$BC$5:$BC$52, 6*E5+1, 1) | AH20: =SUMPRODUCT(P20:AA20, AG14:AG25) | AI20: =SUMPRODUCT(D20:O20, AH14:AH25)-B32
D21: 0 | E21: =K15 | F21: 0 | G21: 0 | H21: 0 | I21: =K19 | J21: 0 | K21: =E15 | L21: 0 | M21: 0 | N21: 0 | O21: =-I15 | P21: 0 | Q21: 0 | R21: 0 | S21: 0 | T21: 0 | U21: 0 | V21: =L11 | W21: =M11 | X21: =N11 | Y21: 0 | Z21: 0 | AA21: 0 | AG21: =INDEX(Global_Solver!$BC$5:$BC$52, 6*E5+2, 1) | AH21: =SUMPRODUCT(P21:AA21, AG14:AG25) | AI21: =SUMPRODUCT(D21:O21, AH14:AH25)-B33
D22: 0 | E22: 0 | F22: =L16 | G22: 0 | H22: =L18 | I22: 0 | J22: 0 | K22: 0 | L22: =F16 | M22: 0 | N22: =-H16 | O22: 0 | P22: 0 | Q22: 0 | R22: 0 | S22: 0 | T22: 0 | U22: 0 | V22: =L12 | W22: =M12 | X22: =N12 | Y22: 0 | Z22: 0 | AA22: 0 | AG22: =INDEX(Global_Solver!$BC$5:$BC$52, 6*E5+3, 1) | AH22: =SUMPRODUCT(P22:AA22, AG14:AG25) | AI22: =SUMPRODUCT(D22:O22, AH14:AH25)-B34
D23: 0 | E23: 0 | F23: 0 | G23: =M17 | H23: 0 | I23: 0 | J23: 0 | K23: 0 | L23: 0 | M23: =-M17 | N23: 0 | O23: 0 | P23: 0 | Q23: 0 | R23: 0 | S23: 0 | T23: 0 | U23: 0 | V23: 0 | W23: 0 | X23: 0 | Y23: =L10 | Z23: =M10 | AA23: =N10 | AG23: =INDEX(Global_Solver!$BC$5:$BC$52, 6*E5+4, 1) | AH23: =SUMPRODUCT(P23:AA23, AG14:AG25) | AI23: =SUMPRODUCT(D23:O23, AH14:AH25)-B35
D24: 0 | E24: 0 | F24: =N16 | G24: 0 | H24: =N18 | I24: 0 | J24: 0 | K24: 0 | L24: =L22 | M24: 0 | N24: =H18 | O24: 0 | P24: 0 | Q24: 0 | R24: 0 | S24: 0 | T24: 0 | U24: 0 | V24: 0 | W24: 0 | X24: 0 | Y24: =L11 | Z24: =M11 | AA24: =N11 | AG24: =INDEX(Global_Solver!$BC$5:$BC$52, 6*E5+5, 1) | AH24: =SUMPRODUCT(P24:AA24, AG14:AG25) | AI24: =SUMPRODUCT(D24:O24, AH14:AH25)-B36
D25: 0 | E25: =O15 | F25: 0 | G25: 0 | H25: 0 | I25: =O19 | J25: 0 | K25: =K21 | L25: 0 | M25: 0 | N25: 0 | O25: =I19 | P25: 0 | Q25: 0 | R25: 0 | S25: 0 | T25: 0 | U25: 0 | V25: 0 | W25: 0 | X25: 0 | Y25: =L12 | Z25: =M12 | AA25: =N12 | AG25: =INDEX(Global_Solver!$BC$5:$BC$52, 6*E5+6, 1) | AH25: =SUMPRODUCT(P25:AA25, AG14:AG25) | AI25: =SUMPRODUCT(D25:O25, AH14:AH25)-B37
B26: =IF(C6,-C10*F12*E10*Inputs!$K$11,0) | C26: =SUMPRODUCT(P14:AA14, B26:B37) | D26: =SUMPRODUCT(D14:O14, P14:P25) | E26: =SUMPRODUCT(D14:O14, Q14:Q25) | F26: =SUMPRODUCT(D14:O14, R14:R25) | G26: =SUMPRODUCT(D14:O14, S14:S25) | H26: =SUMPRODUCT(D14:O14, T14:T25) | I26: =SUMPRODUCT(D14:O14, U14:U25) | J26: =SUMPRODUCT(D14:O14, V14:V25) | K26: =SUMPRODUCT(D14:O14, W14:W25) | L26: =SUMPRODUCT(D14:O14, X14:X25) | M26: =SUMPRODUCT(D14:O14, Y14:Y25) | N26: =SUMPRODUCT(D14:O14, Z14:Z25) | O26: =SUMPRODUCT(D14:O14, AA14:AA25) | P26: =SUMPRODUCT(P14:AA14, D26:D37) | Q26: =SUMPRODUCT(P14:AA14, E26:E37) | R26: =SUMPRODUCT(P14:AA14, F26:F37) | S26: =SUMPRODUCT(P14:AA14, G26:G37) | T26: =SUMPRODUCT(P14:AA14, H26:H37) | U26: =SUMPRODUCT(P14:AA14, I26:I37) | V26: =SUMPRODUCT(P14:AA14, J26:J37) | W26: =SUMPRODUCT(P14:AA14, K26:K37) | X26: =SUMPRODUCT(P14:AA14, L26:L37) | Y26: =SUMPRODUCT(P14:AA14, M26:M37) | Z26: =SUMPRODUCT(P14:AA14, N26:N37) | AA26: =SUMPRODUCT(P14:AA14, O26:O37)
B27: 0 | C27: =SUMPRODUCT(P15:AA15, B26:B37) | D27: =SUMPRODUCT(D15:O15, P14:P25) | E27: =SUMPRODUCT(D15:O15, Q14:Q25) | F27: =SUMPRODUCT(D15:O15, R14:R25) | G27: =SUMPRODUCT(D15:O15, S14:S25) | H27: =SUMPRODUCT(D15:O15, T14:T25) | I27: =SUMPRODUCT(D15:O15, U14:U25) | J27: =SUMPRODUCT(D15:O15, V14:V25) | K27: =SUMPRODUCT(D15:O15, W14:W25) | L27: =SUMPRODUCT(D15:O15, X14:X25) | M27: =SUMPRODUCT(D15:O15, Y14:Y25) | N27: =SUMPRODUCT(D15:O15, Z14:Z25) | O27: =SUMPRODUCT(D15:O15, AA14:AA25) | P27: =SUMPRODUCT(P15:AA15, D26:D37) | Q27: =SUMPRODUCT(P15:AA15, E26:E37) | R27: =SUMPRODUCT(P15:AA15, F26:F37) | S27: =SUMPRODUCT(P15:AA15, G26:G37) | T27: =SUMPRODUCT(P15:AA15, H26:H37) | U27: =SUMPRODUCT(P15:AA15, I26:I37) | V27: =SUMPRODUCT(P15:AA15, J26:J37) | W27: =SUMPRODUCT(P15:AA15, K26:K37) | X27: =SUMPRODUCT(P15:AA15, L26:L37) | Y27: =SUMPRODUCT(P15:AA15, M26:M37) | Z27: =SUMPRODUCT(P15:AA15, N26:N37) | AA27: =SUMPRODUCT(P15:AA15, O26:O37)
B28: 0 | C28: =SUMPRODUCT(P16:AA16, B26:B37) | D28: =SUMPRODUCT(D16:O16, P14:P25) | E28: =SUMPRODUCT(D16:O16, Q14:Q25) | F28: =SUMPRODUCT(D16:O16, R14:R25) | G28: =SUMPRODUCT(D16:O16, S14:S25) | H28: =SUMPRODUCT(D16:O16, T14:T25) | I28: =SUMPRODUCT(D16:O16, U14:U25) | J28: =SUMPRODUCT(D16:O16, V14:V25) | K28: =SUMPRODUCT(D16:O16, W14:W25) | L28: =SUMPRODUCT(D16:O16, X14:X25) | M28: =SUMPRODUCT(D16:O16, Y14:Y25) | N28: =SUMPRODUCT(D16:O16, Z14:Z25) | O28: =SUMPRODUCT(D16:O16, AA14:AA25) | P28: =SUMPRODUCT(P16:AA16, D26:D37) | Q28: =SUMPRODUCT(P16:AA16, E26:E37) | R28: =SUMPRODUCT(P16:AA16, F26:F37) | S28: =SUMPRODUCT(P16:AA16, G26:G37) | T28: =SUMPRODUCT(P16:AA16, H26:H37) | U28: =SUMPRODUCT(P16:AA16, I26:I37) | V28: =SUMPRODUCT(P16:AA16, J26:J37) | W28: =SUMPRODUCT(P16:AA16, K26:K37) | X28: =SUMPRODUCT(P16:AA16, L26:L37) | Y28: =SUMPRODUCT(P16:AA16, M26:M37) | Z28: =SUMPRODUCT(P16:AA16, N26:N37) | AA28: =SUMPRODUCT(P16:AA16, O26:O37)
B29: 0 | C29: =SUMPRODUCT(P17:AA17, B26:B37) | D29: =SUMPRODUCT(D17:O17, P14:P25) | E29: =SUMPRODUCT(D17:O17, Q14:Q25) | F29: =SUMPRODUCT(D17:O17, R14:R25) | G29: =SUMPRODUCT(D17:O17, S14:S25) | H29: =SUMPRODUCT(D17:O17, T14:T25) | I29: =SUMPRODUCT(D17:O17, U14:U25) | J29: =SUMPRODUCT(D17:O17, V14:V25) | K29: =SUMPRODUCT(D17:O17, W14:W25) | L29: =SUMPRODUCT(D17:O17, X14:X25) | M29: =SUMPRODUCT(D17:O17, Y14:Y25) | N29: =SUMPRODUCT(D17:O17, Z14:Z25) | O29: =SUMPRODUCT(D17:O17, AA14:AA25) | P29: =SUMPRODUCT(P17:AA17, D26:D37) | Q29: =SUMPRODUCT(P17:AA17, E26:E37) | R29: =SUMPRODUCT(P17:AA17, F26:F37) | S29: =SUMPRODUCT(P17:AA17, G26:G37) | T29: =SUMPRODUCT(P17:AA17, H26:H37) | U29: =SUMPRODUCT(P17:AA17, I26:I37) | V29: =SUMPRODUCT(P17:AA17, J26:J37) | W29: =SUMPRODUCT(P17:AA17, K26:K37) | X29: =SUMPRODUCT(P17:AA17, L26:L37) | Y29: =SUMPRODUCT(P17:AA17, M26:M37) | Z29: =SUMPRODUCT(P17:AA17, N26:N37) | AA29: =SUMPRODUCT(P17:AA17, O26:O37)
B30: 0 | C30: =SUMPRODUCT(P18:AA18, B26:B37) | D30: =SUMPRODUCT(D18:O18, P14:P25) | E30: =SUMPRODUCT(D18:O18, Q14:Q25) | F30: =SUMPRODUCT(D18:O18, R14:R25) | G30: =SUMPRODUCT(D18:O18, S14:S25) | H30: =SUMPRODUCT(D18:O18, T14:T25) | I30: =SUMPRODUCT(D18:O18, U14:U25) | J30: =SUMPRODUCT(D18:O18, V14:V25) | K30: =SUMPRODUCT(D18:O18, W14:W25) | L30: =SUMPRODUCT(D18:O18, X14:X25) | M30: =SUMPRODUCT(D18:O18, Y14:Y25) | N30: =SUMPRODUCT(D18:O18, Z14:Z25) | O30: =SUMPRODUCT(D18:O18, AA14:AA25) | P30: =SUMPRODUCT(P18:AA18, D26:D37) | Q30: =SUMPRODUCT(P18:AA18, E26:E37) | R30: =SUMPRODUCT(P18:AA18, F26:F37) | S30: =SUMPRODUCT(P18:AA18, G26:G37) | T30: =SUMPRODUCT(P18:AA18, H26:H37) | U30: =SUMPRODUCT(P18:AA18, I26:I37) | V30: =SUMPRODUCT(P18:AA18, J26:J37) | W30: =SUMPRODUCT(P18:AA18, K26:K37) | X30: =SUMPRODUCT(P18:AA18, L26:L37) | Y30: =SUMPRODUCT(P18:AA18, M26:M37) | Z30: =SUMPRODUCT(P18:AA18, N26:N37) | AA30: =SUMPRODUCT(P18:AA18, O26:O37)
B31: 0 | C31: =SUMPRODUCT(P19:AA19, B26:B37) | D31: =SUMPRODUCT(D19:O19, P14:P25) | E31: =SUMPRODUCT(D19:O19, Q14:Q25) | F31: =SUMPRODUCT(D19:O19, R14:R25) | G31: =SUMPRODUCT(D19:O19, S14:S25) | H31: =SUMPRODUCT(D19:O19, T14:T25) | I31: =SUMPRODUCT(D19:O19, U14:U25) | J31: =SUMPRODUCT(D19:O19, V14:V25) | K31: =SUMPRODUCT(D19:O19, W14:W25) | L31: =SUMPRODUCT(D19:O19, X14:X25) | M31: =SUMPRODUCT(D19:O19, Y14:Y25) | N31: =SUMPRODUCT(D19:O19, Z14:Z25) | O31: =SUMPRODUCT(D19:O19, AA14:AA25) | P31: =SUMPRODUCT(P19:AA19, D26:D37) | Q31: =SUMPRODUCT(P19:AA19, E26:E37) | R31: =SUMPRODUCT(P19:AA19, F26:F37) | S31: =SUMPRODUCT(P19:AA19, G26:G37) | T31: =SUMPRODUCT(P19:AA19, H26:H37) | U31: =SUMPRODUCT(P19:AA19, I26:I37) | V31: =SUMPRODUCT(P19:AA19, J26:J37) | W31: =SUMPRODUCT(P19:AA19, K26:K37) | X31: =SUMPRODUCT(P19:AA19, L26:L37) | Y31: =SUMPRODUCT(P19:AA19, M26:M37) | Z31: =SUMPRODUCT(P19:AA19, N26:N37) | AA31: =SUMPRODUCT(P19:AA19, O26:O37)
B32: =IF(C6,C10*F12*E10*Inputs!$K$11,0) | C32: =SUMPRODUCT(P20:AA20, B26:B37) | D32: =SUMPRODUCT(D20:O20, P14:P25) | E32: =SUMPRODUCT(D20:O20, Q14:Q25) | F32: =SUMPRODUCT(D20:O20, R14:R25) | G32: =SUMPRODUCT(D20:O20, S14:S25) | H32: =SUMPRODUCT(D20:O20, T14:T25) | I32: =SUMPRODUCT(D20:O20, U14:U25) | J32: =SUMPRODUCT(D20:O20, V14:V25) | K32: =SUMPRODUCT(D20:O20, W14:W25) | L32: =SUMPRODUCT(D20:O20, X14:X25) | M32: =SUMPRODUCT(D20:O20, Y14:Y25) | N32: =SUMPRODUCT(D20:O20, Z14:Z25) | O32: =SUMPRODUCT(D20:O20, AA14:AA25) | P32: =SUMPRODUCT(P20:AA20, D26:D37) | Q32: =SUMPRODUCT(P20:AA20, E26:E37) | R32: =SUMPRODUCT(P20:AA20, F26:F37) | S32: =SUMPRODUCT(P20:AA20, G26:G37) | T32: =SUMPRODUCT(P20:AA20, H26:H37) | U32: =SUMPRODUCT(P20:AA20, I26:I37) | V32: =SUMPRODUCT(P20:AA20, J26:J37) | W32: =SUMPRODUCT(P20:AA20, K26:K37) | X32: =SUMPRODUCT(P20:AA20, L26:L37) | Y32: =SUMPRODUCT(P20:AA20, M26:M37) | Z32: =SUMPRODUCT(P20:AA20, N26:N37) | AA32: =SUMPRODUCT(P20:AA20, O26:O37)
B33: 0 | C33: =SUMPRODUCT(P21:AA21, B26:B37) | D33: =SUMPRODUCT(D21:O21, P14:P25) | E33: =SUMPRODUCT(D21:O21, Q14:Q25) | F33: =SUMPRODUCT(D21:O21, R14:R25) | G33: =SUMPRODUCT(D21:O21, S14:S25) | H33: =SUMPRODUCT(D21:O21, T14:T25) | I33: =SUMPRODUCT(D21:O21, U14:U25) | J33: =SUMPRODUCT(D21:O21, V14:V25) | K33: =SUMPRODUCT(D21:O21, W14:W25) | L33: =SUMPRODUCT(D21:O21, X14:X25) | M33: =SUMPRODUCT(D21:O21, Y14:Y25) | N33: =SUMPRODUCT(D21:O21, Z14:Z25) | O33: =SUMPRODUCT(D21:O21, AA14:AA25) | P33: =SUMPRODUCT(P21:AA21, D26:D37) | Q33: =SUMPRODUCT(P21:AA21, E26:E37) | R33: =SUMPRODUCT(P21:AA21, F26:F37) | S33: =SUMPRODUCT(P21:AA21, G26:G37) | T33: =SUMPRODUCT(P21:AA21, H26:H37) | U33: =SUMPRODUCT(P21:AA21, I26:I37) | V33: =SUMPRODUCT(P21:AA21, J26:J37) | W33: =SUMPRODUCT(P21:AA21, K26:K37) | X33: =SUMPRODUCT(P21:AA21, L26:L37) | Y33: =SUMPRODUCT(P21:AA21, M26:M37) | Z33: =SUMPRODUCT(P21:AA21, N26:N37) | AA33: =SUMPRODUCT(P21:AA21, O26:O37)
B34: 0 | C34: =SUMPRODUCT(P22:AA22, B26:B37) | D34: =SUMPRODUCT(D22:O22, P14:P25) | E34: =SUMPRODUCT(D22:O22, Q14:Q25) | F34: =SUMPRODUCT(D22:O22, R14:R25) | G34: =SUMPRODUCT(D22:O22, S14:S25) | H34: =SUMPRODUCT(D22:O22, T14:T25) | I34: =SUMPRODUCT(D22:O22, U14:U25) | J34: =SUMPRODUCT(D22:O22, V14:V25) | K34: =SUMPRODUCT(D22:O22, W14:W25) | L34: =SUMPRODUCT(D22:O22, X14:X25) | M34: =SUMPRODUCT(D22:O22, Y14:Y25) | N34: =SUMPRODUCT(D22:O22, Z14:Z25) | O34: =SUMPRODUCT(D22:O22, AA14:AA25) | P34: =SUMPRODUCT(P22:AA22, D26:D37) | Q34: =SUMPRODUCT(P22:AA22, E26:E37) | R34: =SUMPRODUCT(P22:AA22, F26:F37) | S34: =SUMPRODUCT(P22:AA22, G26:G37) | T34: =SUMPRODUCT(P22:AA22, H26:H37) | U34: =SUMPRODUCT(P22:AA22, I26:I37) | V34: =SUMPRODUCT(P22:AA22, J26:J37) | W34: =SUMPRODUCT(P22:AA22, K26:K37) | X34: =SUMPRODUCT(P22:AA22, L26:L37) | Y34: =SUMPRODUCT(P22:AA22, M26:M37) | Z34: =SUMPRODUCT(P22:AA22, N26:N37) | AA34: =SUMPRODUCT(P22:AA22, O26:O37)
B35: 0 | C35: =SUMPRODUCT(P23:AA23, B26:B37) | D35: =SUMPRODUCT(D23:O23, P14:P25) | E35: =SUMPRODUCT(D23:O23, Q14:Q25) | F35: =SUMPRODUCT(D23:O23, R14:R25) | G35: =SUMPRODUCT(D23:O23, S14:S25) | H35: =SUMPRODUCT(D23:O23, T14:T25) | I35: =SUMPRODUCT(D23:O23, U14:U25) | J35: =SUMPRODUCT(D23:O23, V14:V25) | K35: =SUMPRODUCT(D23:O23, W14:W25) | L35: =SUMPRODUCT(D23:O23, X14:X25) | M35: =SUMPRODUCT(D23:O23, Y14:Y25) | N35: =SUMPRODUCT(D23:O23, Z14:Z25) | O35: =SUMPRODUCT(D23:O23, AA14:AA25) | P35: =SUMPRODUCT(P23:AA23, D26:D37) | Q35: =SUMPRODUCT(P23:AA23, E26:E37) | R35: =SUMPRODUCT(P23:AA23, F26:F37) | S35: =SUMPRODUCT(P23:AA23, G26:G37) | T35: =SUMPRODUCT(P23:AA23, H26:H37) | U35: =SUMPRODUCT(P23:AA23, I26:I37) | V35: =SUMPRODUCT(P23:AA23, J26:J37) | W35: =SUMPRODUCT(P23:AA23, K26:K37) | X35: =SUMPRODUCT(P23:AA23, L26:L37) | Y35: =SUMPRODUCT(P23:AA23, M26:M37) | Z35: =SUMPRODUCT(P23:AA23, N26:N37) | AA35: =SUMPRODUCT(P23:AA23, O26:O37)
B36: 0 | C36: =SUMPRODUCT(P24:AA24, B26:B37) | D36: =SUMPRODUCT(D24:O24, P14:P25) | E36: =SUMPRODUCT(D24:O24, Q14:Q25) | F36: =SUMPRODUCT(D24:O24, R14:R25) | G36: =SUMPRODUCT(D24:O24, S14:S25) | H36: =SUMPRODUCT(D24:O24, T14:T25) | I36: =SUMPRODUCT(D24:O24, U14:U25) | J36: =SUMPRODUCT(D24:O24, V14:V25) | K36: =SUMPRODUCT(D24:O24, W14:W25) | L36: =SUMPRODUCT(D24:O24, X14:X25) | M36: =SUMPRODUCT(D24:O24, Y14:Y25) | N36: =SUMPRODUCT(D24:O24, Z14:Z25) | O36: =SUMPRODUCT(D24:O24, AA14:AA25) | P36: =SUMPRODUCT(P24:AA24, D26:D37) | Q36: =SUMPRODUCT(P24:AA24, E26:E37) | R36: =SUMPRODUCT(P24:AA24, F26:F37) | S36: =SUMPRODUCT(P24:AA24, G26:G37) | T36: =SUMPRODUCT(P24:AA24, H26:H37) | U36: =SUMPRODUCT(P24:AA24, I26:I37) | V36: =SUMPRODUCT(P24:AA24, J26:J37) | W36: =SUMPRODUCT(P24:AA24, K26:K37) | X36: =SUMPRODUCT(P24:AA24, L26:L37) | Y36: =SUMPRODUCT(P24:AA24, M26:M37) | Z36: =SUMPRODUCT(P24:AA24, N26:N37) | AA36: =SUMPRODUCT(P24:AA24, O26:O37)
B37: 0 | C37: =SUMPRODUCT(P25:AA25, B26:B37) | D37: =SUMPRODUCT(D25:O25, P14:P25) | E37: =SUMPRODUCT(D25:O25, Q14:Q25) | F37: =SUMPRODUCT(D25:O25, R14:R25) | G37: =SUMPRODUCT(D25:O25, S14:S25) | H37: =SUMPRODUCT(D25:O25, T14:T25) | I37: =SUMPRODUCT(D25:O25, U14:U25) | J37: =SUMPRODUCT(D25:O25, V14:V25) | K37: =SUMPRODUCT(D25:O25, W14:W25) | L37: =SUMPRODUCT(D25:O25, X14:X25) | M37: =SUMPRODUCT(D25:O25, Y14:Y25) | N37: =SUMPRODUCT(D25:O25, Z14:Z25) | O37: =SUMPRODUCT(D25:O25, AA14:AA25) | P37: =SUMPRODUCT(P25:AA25, D26:D37) | Q37: =SUMPRODUCT(P25:AA25, E26:E37) | R37: =SUMPRODUCT(P25:AA25, F26:F37) | S37: =SUMPRODUCT(P25:AA25, G26:G37) | T37: =SUMPRODUCT(P25:AA25, H26:H37) | U37: =SUMPRODUCT(P25:AA25, I26:I37) | V37: =SUMPRODUCT(P25:AA25, J26:J37) | W37: =SUMPRODUCT(P25:AA25, K26:K37) | X37: =SUMPRODUCT(P25:AA25, L26:L37) | Y37: =SUMPRODUCT(P25:AA25, M26:M37) | Z37: =SUMPRODUCT(P25:AA25, N26:N37) | AA37: =SUMPRODUCT(P25:AA25, O26:O37)
B39: ELEMENT 1 ANALYSIS BLOCK
B40: Node A ID | C40: =Inputs!C30 | D40: Node B ID | E40: =Inputs!D30
B41: Is Active? | C41: =AND(C40<>"",E40<>"")
B42: Node A Coord | C42: =IF(C41,VLOOKUP(C40,Inputs!$B$17:$E$24,2,FALSE),0.0) | D42: =IF(C41,VLOOKUP(C40,Inputs!$B$17:$E$24,3,FALSE),0.0) | E42: =IF(C41,VLOOKUP(C40,Inputs!$B$17:$E$24,4,FALSE),0.0) | F42: Node B Coord | G42: =IF(C41,VLOOKUP(E40,Inputs!$B$17:$E$24,2,FALSE),0.0) | H42: =IF(C41,VLOOKUP(E40,Inputs!$B$17:$E$24,3,FALSE),0.0) | I42: =IF(C41,VLOOKUP(E40,Inputs!$B$17:$E$24,4,FALSE),0.0)
B43: deltas dx,dy,dz | C43: =G42-C42 | D43: =H42-D42 | E43: =I42-E42 | F43: Length L | G43: =IF(C41,SQRT(C43^2+D43^2+E43^2),1.0)
B44: dir cosines lx,my,nz | C44: =C43/G43 | D44: =D43/G43 | E44: =E43/G43 | F44: D_is_zero | G44: =AND(ABS(C44)<1E-5,ABS(D44)<1E-5) | H44: D | I44: =SQRT(C44^2+D44^2) | L44: ROTATION MATRIX lambda
B45: Material E, G, alpha | C45: =VLOOKUP(Inputs!G30,Inputs!$B$7:$H$8,2,FALSE) | D45: =VLOOKUP(Inputs!G30,Inputs!$B$7:$H$8,3,FALSE) | E45: =VLOOKUP(Inputs!G30,Inputs!$B$7:$H$8,4,FALSE) | L45: =C44 | M45: =D44 | N45: =E44
B46: Section OD, t | C46: =VLOOKUP(Inputs!H30,Inputs!$B$12:$H$13,2,FALSE) | D46: =VLOOKUP(Inputs!H30,Inputs!$B$12:$H$13,3,FALSE) | L46: =IF(G44,0,-D44/I44) | M46: =IF(G44,IF(E44>0,1,-1),C44/I44) | N46: 0
B47: ro, ri | C47: =C46/2 | D47: =C47-D46 | E47: Area A | F47: =PI()*(C47^2-D47^2) | L47: =IF(G44,IF(E44>0,-1,1),-C44*E44/I44) | M47: =IF(G44,0,-D44*E44/I44) | N47: =IF(G44,0,I44)
B48: Inertia I, J | C48: =(PI()/4)*(C47^4-D47^4) | D48: =C48*2 | E48: Flex Factor k | F48: =IF(Inputs!E30="bend",IF(Inputs!F30<>"",MAX(1.0,1.65/((D46*Inputs!F30)/(((C46-D46)/2)^2))),1.0),1.0)
D49: =IF(C41,$C$45*$F$47/$G$43,0) | E49: 0 | F49: 0 | G49: 0 | H49: 0 | I49: 0 | J49: =-D49 | K49: 0 | L49: 0 | M49: 0 | N49: 0 | O49: 0 | P49: =L45 | Q49: =M45 | R49: =N45 | S49: 0 | T49: 0 | U49: 0 | V49: 0 | W49: 0 | X49: 0 | Y49: 0 | Z49: 0 | AA49: 0 | AG49: =INDEX(Global_Solver!$BC$5:$BC$52, 6*C40+1, 1) | AH49: =SUMPRODUCT(P49:AA49, AG49:AG60) | AI49: =SUMPRODUCT(D49:O49, AH49:AH60)-B61
D50: 0 | E50: =IF(C41,=(12*$C$45*($C$48/$F$48))/($G$43^3),0) | F50: 0 | G50: 0 | H50: 0 | I50: =IF(C41,=(6*$C$45*($C$48/$F$48))/($G$43^2),0) | J50: 0 | K50: =-E50 | L50: 0 | M50: 0 | N50: 0 | O50: =I50 | P50: =L46 | Q50: =M46 | R50: =N46 | S50: 0 | T50: 0 | U50: 0 | V50: 0 | W50: 0 | X50: 0 | Y50: 0 | Z50: 0 | AA50: 0 | AG50: =INDEX(Global_Solver!$BC$5:$BC$52, 6*C40+2, 1) | AH50: =SUMPRODUCT(P50:AA50, AG49:AG60) | AI50: =SUMPRODUCT(D50:O50, AH49:AH60)-B62
D51: 0 | E51: 0 | F51: =IF(C41,=(12*$C$45*($C$48/$F$48))/($G$43^3),0) | G51: 0 | H51: =IF(C41,-=(6*$C$45*($C$48/$F$48))/($G$43^2),0) | I51: 0 | J51: 0 | K51: 0 | L51: =-F51 | M51: 0 | N51: =H51 | O51: 0 | P51: =L47 | Q51: =M47 | R51: =N47 | S51: 0 | T51: 0 | U51: 0 | V51: 0 | W51: 0 | X51: 0 | Y51: 0 | Z51: 0 | AA51: 0 | AG51: =INDEX(Global_Solver!$BC$5:$BC$52, 6*C40+3, 1) | AH51: =SUMPRODUCT(P51:AA51, AG49:AG60) | AI51: =SUMPRODUCT(D51:O51, AH49:AH60)-B63
D52: 0 | E52: 0 | F52: 0 | G52: =IF(C41,$D$45*$D$48/$G$43,0) | H52: 0 | I52: 0 | J52: 0 | K52: 0 | L52: 0 | M52: =-G52 | N52: 0 | O52: 0 | P52: 0 | Q52: 0 | R52: 0 | S52: =L45 | T52: =M45 | U52: =N45 | V52: 0 | W52: 0 | X52: 0 | Y52: 0 | Z52: 0 | AA52: 0 | AG52: =INDEX(Global_Solver!$BC$5:$BC$52, 6*C40+4, 1) | AH52: =SUMPRODUCT(P52:AA52, AG49:AG60) | AI52: =SUMPRODUCT(D52:O52, AH49:AH60)-B64
D53: 0 | E53: 0 | F53: =H51 | G53: 0 | H53: =IF(C41,=(4*$C$45*($C$48/$F$48))/$G$43,0) | I53: 0 | J53: 0 | K53: 0 | L53: =-H51 | M53: 0 | N53: =IF(C41,=(2*$C$45*($C$48/$F$48))/$G$43,0) | O53: 0 | P53: 0 | Q53: 0 | R53: 0 | S53: =L46 | T53: =M46 | U53: =N46 | V53: 0 | W53: 0 | X53: 0 | Y53: 0 | Z53: 0 | AA53: 0 | AG53: =INDEX(Global_Solver!$BC$5:$BC$52, 6*C40+5, 1) | AH53: =SUMPRODUCT(P53:AA53, AG49:AG60) | AI53: =SUMPRODUCT(D53:O53, AH49:AH60)-B65
D54: 0 | E54: =I50 | F54: 0 | G54: 0 | H54: 0 | I54: =IF(C41,=(4*$C$45*($C$48/$F$48))/$G$43,0) | J54: 0 | K54: =-I50 | L54: 0 | M54: 0 | N54: 0 | O54: =IF(C41,=(2*$C$45*($C$48/$F$48))/$G$43,0) | P54: 0 | Q54: 0 | R54: 0 | S54: =L47 | T54: =M47 | U54: =N47 | V54: 0 | W54: 0 | X54: 0 | Y54: 0 | Z54: 0 | AA54: 0 | AG54: =INDEX(Global_Solver!$BC$5:$BC$52, 6*C40+6, 1) | AH54: =SUMPRODUCT(P54:AA54, AG49:AG60) | AI54: =SUMPRODUCT(D54:O54, AH49:AH60)-B66
D55: =J49 | E55: 0 | F55: 0 | G55: 0 | H55: 0 | I55: 0 | J55: =-J49 | K55: 0 | L55: 0 | M55: 0 | N55: 0 | O55: 0 | P55: 0 | Q55: 0 | R55: 0 | S55: 0 | T55: 0 | U55: 0 | V55: =L45 | W55: =M45 | X55: =N45 | Y55: 0 | Z55: 0 | AA55: 0 | AG55: =INDEX(Global_Solver!$BC$5:$BC$52, 6*E40+1, 1) | AH55: =SUMPRODUCT(P55:AA55, AG49:AG60) | AI55: =SUMPRODUCT(D55:O55, AH49:AH60)-B67
D56: 0 | E56: =K50 | F56: 0 | G56: 0 | H56: 0 | I56: =K54 | J56: 0 | K56: =E50 | L56: 0 | M56: 0 | N56: 0 | O56: =-I50 | P56: 0 | Q56: 0 | R56: 0 | S56: 0 | T56: 0 | U56: 0 | V56: =L46 | W56: =M46 | X56: =N46 | Y56: 0 | Z56: 0 | AA56: 0 | AG56: =INDEX(Global_Solver!$BC$5:$BC$52, 6*E40+2, 1) | AH56: =SUMPRODUCT(P56:AA56, AG49:AG60) | AI56: =SUMPRODUCT(D56:O56, AH49:AH60)-B68
D57: 0 | E57: 0 | F57: =L51 | G57: 0 | H57: =L53 | I57: 0 | J57: 0 | K57: 0 | L57: =F51 | M57: 0 | N57: =-H51 | O57: 0 | P57: 0 | Q57: 0 | R57: 0 | S57: 0 | T57: 0 | U57: 0 | V57: =L47 | W57: =M47 | X57: =N47 | Y57: 0 | Z57: 0 | AA57: 0 | AG57: =INDEX(Global_Solver!$BC$5:$BC$52, 6*E40+3, 1) | AH57: =SUMPRODUCT(P57:AA57, AG49:AG60) | AI57: =SUMPRODUCT(D57:O57, AH49:AH60)-B69
D58: 0 | E58: 0 | F58: 0 | G58: =M52 | H58: 0 | I58: 0 | J58: 0 | K58: 0 | L58: 0 | M58: =-M52 | N58: 0 | O58: 0 | P58: 0 | Q58: 0 | R58: 0 | S58: 0 | T58: 0 | U58: 0 | V58: 0 | W58: 0 | X58: 0 | Y58: =L45 | Z58: =M45 | AA58: =N45 | AG58: =INDEX(Global_Solver!$BC$5:$BC$52, 6*E40+4, 1) | AH58: =SUMPRODUCT(P58:AA58, AG49:AG60) | AI58: =SUMPRODUCT(D58:O58, AH49:AH60)-B70
D59: 0 | E59: 0 | F59: =N51 | G59: 0 | H59: =N53 | I59: 0 | J59: 0 | K59: 0 | L59: =L57 | M59: 0 | N59: =H53 | O59: 0 | P59: 0 | Q59: 0 | R59: 0 | S59: 0 | T59: 0 | U59: 0 | V59: 0 | W59: 0 | X59: 0 | Y59: =L46 | Z59: =M46 | AA59: =N46 | AG59: =INDEX(Global_Solver!$BC$5:$BC$52, 6*E40+5, 1) | AH59: =SUMPRODUCT(P59:AA59, AG49:AG60) | AI59: =SUMPRODUCT(D59:O59, AH49:AH60)-B71
D60: 0 | E60: =O50 | F60: 0 | G60: 0 | H60: 0 | I60: =O54 | J60: 0 | K60: =K56 | L60: 0 | M60: 0 | N60: 0 | O60: =I54 | P60: 0 | Q60: 0 | R60: 0 | S60: 0 | T60: 0 | U60: 0 | V60: 0 | W60: 0 | X60: 0 | Y60: =L47 | Z60: =M47 | AA60: =N47 | AG60: =INDEX(Global_Solver!$BC$5:$BC$52, 6*E40+6, 1) | AH60: =SUMPRODUCT(P60:AA60, AG49:AG60) | AI60: =SUMPRODUCT(D60:O60, AH49:AH60)-B72
B61: =IF(C41,-C45*F47*E45*Inputs!$K$11,0) | C61: =SUMPRODUCT(P49:AA49, B61:B72) | D61: =SUMPRODUCT(D49:O49, P49:P60) | E61: =SUMPRODUCT(D49:O49, Q49:Q60) | F61: =SUMPRODUCT(D49:O49, R49:R60) | G61: =SUMPRODUCT(D49:O49, S49:S60) | H61: =SUMPRODUCT(D49:O49, T49:T60) | I61: =SUMPRODUCT(D49:O49, U49:U60) | J61: =SUMPRODUCT(D49:O49, V49:V60) | K61: =SUMPRODUCT(D49:O49, W49:W60) | L61: =SUMPRODUCT(D49:O49, X49:X60) | M61: =SUMPRODUCT(D49:O49, Y49:Y60) | N61: =SUMPRODUCT(D49:O49, Z49:Z60) | O61: =SUMPRODUCT(D49:O49, AA49:AA60) | P61: =SUMPRODUCT(P49:AA49, D61:D72) | Q61: =SUMPRODUCT(P49:AA49, E61:E72) | R61: =SUMPRODUCT(P49:AA49, F61:F72) | S61: =SUMPRODUCT(P49:AA49, G61:G72) | T61: =SUMPRODUCT(P49:AA49, H61:H72) | U61: =SUMPRODUCT(P49:AA49, I61:I72) | V61: =SUMPRODUCT(P49:AA49, J61:J72) | W61: =SUMPRODUCT(P49:AA49, K61:K72) | X61: =SUMPRODUCT(P49:AA49, L61:L72) | Y61: =SUMPRODUCT(P49:AA49, M61:M72) | Z61: =SUMPRODUCT(P49:AA49, N61:N72) | AA61: =SUMPRODUCT(P49:AA49, O61:O72)
B62: 0 | C62: =SUMPRODUCT(P50:AA50, B61:B72) | D62: =SUMPRODUCT(D50:O50, P49:P60) | E62: =SUMPRODUCT(D50:O50, Q49:Q60) | F62: =SUMPRODUCT(D50:O50, R49:R60) | G62: =SUMPRODUCT(D50:O50, S49:S60) | H62: =SUMPRODUCT(D50:O50, T49:T60) | I62: =SUMPRODUCT(D50:O50, U49:U60) | J62: =SUMPRODUCT(D50:O50, V49:V60) | K62: =SUMPRODUCT(D50:O50, W49:W60) | L62: =SUMPRODUCT(D50:O50, X49:X60) | M62: =SUMPRODUCT(D50:O50, Y49:Y60) | N62: =SUMPRODUCT(D50:O50, Z49:Z60) | O62: =SUMPRODUCT(D50:O50, AA49:AA60) | P62: =SUMPRODUCT(P50:AA50, D61:D72) | Q62: =SUMPRODUCT(P50:AA50, E61:E72) | R62: =SUMPRODUCT(P50:AA50, F61:F72) | S62: =SUMPRODUCT(P50:AA50, G61:G72) | T62: =SUMPRODUCT(P50:AA50, H61:H72) | U62: =SUMPRODUCT(P50:AA50, I61:I72) | V62: =SUMPRODUCT(P50:AA50, J61:J72) | W62: =SUMPRODUCT(P50:AA50, K61:K72) | X62: =SUMPRODUCT(P50:AA50, L61:L72) | Y62: =SUMPRODUCT(P50:AA50, M61:M72) | Z62: =SUMPRODUCT(P50:AA50, N61:N72) | AA62: =SUMPRODUCT(P50:AA50, O61:O72)
B63: 0 | C63: =SUMPRODUCT(P51:AA51, B61:B72) | D63: =SUMPRODUCT(D51:O51, P49:P60) | E63: =SUMPRODUCT(D51:O51, Q49:Q60) | F63: =SUMPRODUCT(D51:O51, R49:R60) | G63: =SUMPRODUCT(D51:O51, S49:S60) | H63: =SUMPRODUCT(D51:O51, T49:T60) | I63: =SUMPRODUCT(D51:O51, U49:U60) | J63: =SUMPRODUCT(D51:O51, V49:V60) | K63: =SUMPRODUCT(D51:O51, W49:W60) | L63: =SUMPRODUCT(D51:O51, X49:X60) | M63: =SUMPRODUCT(D51:O51, Y49:Y60) | N63: =SUMPRODUCT(D51:O51, Z49:Z60) | O63: =SUMPRODUCT(D51:O51, AA49:AA60) | P63: =SUMPRODUCT(P51:AA51, D61:D72) | Q63: =SUMPRODUCT(P51:AA51, E61:E72) | R63: =SUMPRODUCT(P51:AA51, F61:F72) | S63: =SUMPRODUCT(P51:AA51, G61:G72) | T63: =SUMPRODUCT(P51:AA51, H61:H72) | U63: =SUMPRODUCT(P51:AA51, I61:I72) | V63: =SUMPRODUCT(P51:AA51, J61:J72) | W63: =SUMPRODUCT(P51:AA51, K61:K72) | X63: =SUMPRODUCT(P51:AA51, L61:L72) | Y63: =SUMPRODUCT(P51:AA51, M61:M72) | Z63: =SUMPRODUCT(P51:AA51, N61:N72) | AA63: =SUMPRODUCT(P51:AA51, O61:O72)
B64: 0 | C64: =SUMPRODUCT(P52:AA52, B61:B72) | D64: =SUMPRODUCT(D52:O52, P49:P60) | E64: =SUMPRODUCT(D52:O52, Q49:Q60) | F64: =SUMPRODUCT(D52:O52, R49:R60) | G64: =SUMPRODUCT(D52:O52, S49:S60) | H64: =SUMPRODUCT(D52:O52, T49:T60) | I64: =SUMPRODUCT(D52:O52, U49:U60) | J64: =SUMPRODUCT(D52:O52, V49:V60) | K64: =SUMPRODUCT(D52:O52, W49:W60) | L64: =SUMPRODUCT(D52:O52, X49:X60) | M64: =SUMPRODUCT(D52:O52, Y49:Y60) | N64: =SUMPRODUCT(D52:O52, Z49:Z60) | O64: =SUMPRODUCT(D52:O52, AA49:AA60) | P64: =SUMPRODUCT(P52:AA52, D61:D72) | Q64: =SUMPRODUCT(P52:AA52, E61:E72) | R64: =SUMPRODUCT(P52:AA52, F61:F72) | S64: =SUMPRODUCT(P52:AA52, G61:G72) | T64: =SUMPRODUCT(P52:AA52, H61:H72) | U64: =SUMPRODUCT(P52:AA52, I61:I72) | V64: =SUMPRODUCT(P52:AA52, J61:J72) | W64: =SUMPRODUCT(P52:AA52, K61:K72) | X64: =SUMPRODUCT(P52:AA52, L61:L72) | Y64: =SUMPRODUCT(P52:AA52, M61:M72) | Z64: =SUMPRODUCT(P52:AA52, N61:N72) | AA64: =SUMPRODUCT(P52:AA52, O61:O72)
B65: 0 | C65: =SUMPRODUCT(P53:AA53, B61:B72) | D65: =SUMPRODUCT(D53:O53, P49:P60) | E65: =SUMPRODUCT(D53:O53, Q49:Q60) | F65: =SUMPRODUCT(D53:O53, R49:R60) | G65: =SUMPRODUCT(D53:O53, S49:S60) | H65: =SUMPRODUCT(D53:O53, T49:T60) | I65: =SUMPRODUCT(D53:O53, U49:U60) | J65: =SUMPRODUCT(D53:O53, V49:V60) | K65: =SUMPRODUCT(D53:O53, W49:W60) | L65: =SUMPRODUCT(D53:O53, X49:X60) | M65: =SUMPRODUCT(D53:O53, Y49:Y60) | N65: =SUMPRODUCT(D53:O53, Z49:Z60) | O65: =SUMPRODUCT(D53:O53, AA49:AA60) | P65: =SUMPRODUCT(P53:AA53, D61:D72) | Q65: =SUMPRODUCT(P53:AA53, E61:E72) | R65: =SUMPRODUCT(P53:AA53, F61:F72) | S65: =SUMPRODUCT(P53:AA53, G61:G72) | T65: =SUMPRODUCT(P53:AA53, H61:H72) | U65: =SUMPRODUCT(P53:AA53, I61:I72) | V65: =SUMPRODUCT(P53:AA53, J61:J72) | W65: =SUMPRODUCT(P53:AA53, K61:K72) | X65: =SUMPRODUCT(P53:AA53, L61:L72) | Y65: =SUMPRODUCT(P53:AA53, M61:M72) | Z65: =SUMPRODUCT(P53:AA53, N61:N72) | AA65: =SUMPRODUCT(P53:AA53, O61:O72)
B66: 0 | C66: =SUMPRODUCT(P54:AA54, B61:B72) | D66: =SUMPRODUCT(D54:O54, P49:P60) | E66: =SUMPRODUCT(D54:O54, Q49:Q60) | F66: =SUMPRODUCT(D54:O54, R49:R60) | G66: =SUMPRODUCT(D54:O54, S49:S60) | H66: =SUMPRODUCT(D54:O54, T49:T60) | I66: =SUMPRODUCT(D54:O54, U49:U60) | J66: =SUMPRODUCT(D54:O54, V49:V60) | K66: =SUMPRODUCT(D54:O54, W49:W60) | L66: =SUMPRODUCT(D54:O54, X49:X60) | M66: =SUMPRODUCT(D54:O54, Y49:Y60) | N66: =SUMPRODUCT(D54:O54, Z49:Z60) | O66: =SUMPRODUCT(D54:O54, AA49:AA60) | P66: =SUMPRODUCT(P54:AA54, D61:D72) | Q66: =SUMPRODUCT(P54:AA54, E61:E72) | R66: =SUMPRODUCT(P54:AA54, F61:F72) | S66: =SUMPRODUCT(P54:AA54, G61:G72) | T66: =SUMPRODUCT(P54:AA54, H61:H72) | U66: =SUMPRODUCT(P54:AA54, I61:I72) | V66: =SUMPRODUCT(P54:AA54, J61:J72) | W66: =SUMPRODUCT(P54:AA54, K61:K72) | X66: =SUMPRODUCT(P54:AA54, L61:L72) | Y66: =SUMPRODUCT(P54:AA54, M61:M72) | Z66: =SUMPRODUCT(P54:AA54, N61:N72) | AA66: =SUMPRODUCT(P54:AA54, O61:O72)
B67: =IF(C41,C45*F47*E45*Inputs!$K$11,0) | C67: =SUMPRODUCT(P55:AA55, B61:B72) | D67: =SUMPRODUCT(D55:O55, P49:P60) | E67: =SUMPRODUCT(D55:O55, Q49:Q60) | F67: =SUMPRODUCT(D55:O55, R49:R60) | G67: =SUMPRODUCT(D55:O55, S49:S60) | H67: =SUMPRODUCT(D55:O55, T49:T60) | I67: =SUMPRODUCT(D55:O55, U49:U60) | J67: =SUMPRODUCT(D55:O55, V49:V60) | K67: =SUMPRODUCT(D55:O55, W49:W60) | L67: =SUMPRODUCT(D55:O55, X49:X60) | M67: =SUMPRODUCT(D55:O55, Y49:Y60) | N67: =SUMPRODUCT(D55:O55, Z49:Z60) | O67: =SUMPRODUCT(D55:O55, AA49:AA60) | P67: =SUMPRODUCT(P55:AA55, D61:D72) | Q67: =SUMPRODUCT(P55:AA55, E61:E72) | R67: =SUMPRODUCT(P55:AA55, F61:F72) | S67: =SUMPRODUCT(P55:AA55, G61:G72) | T67: =SUMPRODUCT(P55:AA55, H61:H72) | U67: =SUMPRODUCT(P55:AA55, I61:I72) | V67: =SUMPRODUCT(P55:AA55, J61:J72) | W67: =SUMPRODUCT(P55:AA55, K61:K72) | X67: =SUMPRODUCT(P55:AA55, L61:L72) | Y67: =SUMPRODUCT(P55:AA55, M61:M72) | Z67: =SUMPRODUCT(P55:AA55, N61:N72) | AA67: =SUMPRODUCT(P55:AA55, O61:O72)
B68: 0 | C68: =SUMPRODUCT(P56:AA56, B61:B72) | D68: =SUMPRODUCT(D56:O56, P49:P60) | E68: =SUMPRODUCT(D56:O56, Q49:Q60) | F68: =SUMPRODUCT(D56:O56, R49:R60) | G68: =SUMPRODUCT(D56:O56, S49:S60) | H68: =SUMPRODUCT(D56:O56, T49:T60) | I68: =SUMPRODUCT(D56:O56, U49:U60) | J68: =SUMPRODUCT(D56:O56, V49:V60) | K68: =SUMPRODUCT(D56:O56, W49:W60) | L68: =SUMPRODUCT(D56:O56, X49:X60) | M68: =SUMPRODUCT(D56:O56, Y49:Y60) | N68: =SUMPRODUCT(D56:O56, Z49:Z60) | O68: =SUMPRODUCT(D56:O56, AA49:AA60) | P68: =SUMPRODUCT(P56:AA56, D61:D72) | Q68: =SUMPRODUCT(P56:AA56, E61:E72) | R68: =SUMPRODUCT(P56:AA56, F61:F72) | S68: =SUMPRODUCT(P56:AA56, G61:G72) | T68: =SUMPRODUCT(P56:AA56, H61:H72) | U68: =SUMPRODUCT(P56:AA56, I61:I72) | V68: =SUMPRODUCT(P56:AA56, J61:J72) | W68: =SUMPRODUCT(P56:AA56, K61:K72) | X68: =SUMPRODUCT(P56:AA56, L61:L72) | Y68: =SUMPRODUCT(P56:AA56, M61:M72) | Z68: =SUMPRODUCT(P56:AA56, N61:N72) | AA68: =SUMPRODUCT(P56:AA56, O61:O72)
B69: 0 | C69: =SUMPRODUCT(P57:AA57, B61:B72) | D69: =SUMPRODUCT(D57:O57, P49:P60) | E69: =SUMPRODUCT(D57:O57, Q49:Q60) | F69: =SUMPRODUCT(D57:O57, R49:R60) | G69: =SUMPRODUCT(D57:O57, S49:S60) | H69: =SUMPRODUCT(D57:O57, T49:T60) | I69: =SUMPRODUCT(D57:O57, U49:U60) | J69: =SUMPRODUCT(D57:O57, V49:V60) | K69: =SUMPRODUCT(D57:O57, W49:W60) | L69: =SUMPRODUCT(D57:O57, X49:X60) | M69: =SUMPRODUCT(D57:O57, Y49:Y60) | N69: =SUMPRODUCT(D57:O57, Z49:Z60) | O69: =SUMPRODUCT(D57:O57, AA49:AA60) | P69: =SUMPRODUCT(P57:AA57, D61:D72) | Q69: =SUMPRODUCT(P57:AA57, E61:E72) | R69: =SUMPRODUCT(P57:AA57, F61:F72) | S69: =SUMPRODUCT(P57:AA57, G61:G72) | T69: =SUMPRODUCT(P57:AA57, H61:H72) | U69: =SUMPRODUCT(P57:AA57, I61:I72) | V69: =SUMPRODUCT(P57:AA57, J61:J72) | W69: =SUMPRODUCT(P57:AA57, K61:K72) | X69: =SUMPRODUCT(P57:AA57, L61:L72) | Y69: =SUMPRODUCT(P57:AA57, M61:M72) | Z69: =SUMPRODUCT(P57:AA57, N61:N72) | AA69: =SUMPRODUCT(P57:AA57, O61:O72)
B70: 0 | C70: =SUMPRODUCT(P58:AA58, B61:B72) | D70: =SUMPRODUCT(D58:O58, P49:P60) | E70: =SUMPRODUCT(D58:O58, Q49:Q60) | F70: =SUMPRODUCT(D58:O58, R49:R60) | G70: =SUMPRODUCT(D58:O58, S49:S60) | H70: =SUMPRODUCT(D58:O58, T49:T60) | I70: =SUMPRODUCT(D58:O58, U49:U60) | J70: =SUMPRODUCT(D58:O58, V49:V60) | K70: =SUMPRODUCT(D58:O58, W49:W60) | L70: =SUMPRODUCT(D58:O58, X49:X60) | M70: =SUMPRODUCT(D58:O58, Y49:Y60) | N70: =SUMPRODUCT(D58:O58, Z49:Z60) | O70: =SUMPRODUCT(D58:O58, AA49:AA60) | P70: =SUMPRODUCT(P58:AA58, D61:D72) | Q70: =SUMPRODUCT(P58:AA58, E61:E72) | R70: =SUMPRODUCT(P58:AA58, F61:F72) | S70: =SUMPRODUCT(P58:AA58, G61:G72) | T70: =SUMPRODUCT(P58:AA58, H61:H72) | U70: =SUMPRODUCT(P58:AA58, I61:I72) | V70: =SUMPRODUCT(P58:AA58, J61:J72) | W70: =SUMPRODUCT(P58:AA58, K61:K72) | X70: =SUMPRODUCT(P58:AA58, L61:L72) | Y70: =SUMPRODUCT(P58:AA58, M61:M72) | Z70: =SUMPRODUCT(P58:AA58, N61:N72) | AA70: =SUMPRODUCT(P58:AA58, O61:O72)
B71: 0 | C71: =SUMPRODUCT(P59:AA59, B61:B72) | D71: =SUMPRODUCT(D59:O59, P49:P60) | E71: =SUMPRODUCT(D59:O59, Q49:Q60) | F71: =SUMPRODUCT(D59:O59, R49:R60) | G71: =SUMPRODUCT(D59:O59, S49:S60) | H71: =SUMPRODUCT(D59:O59, T49:T60) | I71: =SUMPRODUCT(D59:O59, U49:U60) | J71: =SUMPRODUCT(D59:O59, V49:V60) | K71: =SUMPRODUCT(D59:O59, W49:W60) | L71: =SUMPRODUCT(D59:O59, X49:X60) | M71: =SUMPRODUCT(D59:O59, Y49:Y60) | N71: =SUMPRODUCT(D59:O59, Z49:Z60) | O71: =SUMPRODUCT(D59:O59, AA49:AA60) | P71: =SUMPRODUCT(P59:AA59, D61:D72) | Q71: =SUMPRODUCT(P59:AA59, E61:E72) | R71: =SUMPRODUCT(P59:AA59, F61:F72) | S71: =SUMPRODUCT(P59:AA59, G61:G72) | T71: =SUMPRODUCT(P59:AA59, H61:H72) | U71: =SUMPRODUCT(P59:AA59, I61:I72) | V71: =SUMPRODUCT(P59:AA59, J61:J72) | W71: =SUMPRODUCT(P59:AA59, K61:K72) | X71: =SUMPRODUCT(P59:AA59, L61:L72) | Y71: =SUMPRODUCT(P59:AA59, M61:M72) | Z71: =SUMPRODUCT(P59:AA59, N61:N72) | AA71: =SUMPRODUCT(P59:AA59, O61:O72)
B72: 0 | C72: =SUMPRODUCT(P60:AA60, B61:B72) | D72: =SUMPRODUCT(D60:O60, P49:P60) | E72: =SUMPRODUCT(D60:O60, Q49:Q60) | F72: =SUMPRODUCT(D60:O60, R49:R60) | G72: =SUMPRODUCT(D60:O60, S49:S60) | H72: =SUMPRODUCT(D60:O60, T49:T60) | I72: =SUMPRODUCT(D60:O60, U49:U60) | J72: =SUMPRODUCT(D60:O60, V49:V60) | K72: =SUMPRODUCT(D60:O60, W49:W60) | L72: =SUMPRODUCT(D60:O60, X49:X60) | M72: =SUMPRODUCT(D60:O60, Y49:Y60) | N72: =SUMPRODUCT(D60:O60, Z49:Z60) | O72: =SUMPRODUCT(D60:O60, AA49:AA60) | P72: =SUMPRODUCT(P60:AA60, D61:D72) | Q72: =SUMPRODUCT(P60:AA60, E61:E72) | R72: =SUMPRODUCT(P60:AA60, F61:F72) | S72: =SUMPRODUCT(P60:AA60, G61:G72) | T72: =SUMPRODUCT(P60:AA60, H61:H72) | U72: =SUMPRODUCT(P60:AA60, I61:I72) | V72: =SUMPRODUCT(P60:AA60, J61:J72) | W72: =SUMPRODUCT(P60:AA60, K61:K72) | X72: =SUMPRODUCT(P60:AA60, L61:L72) | Y72: =SUMPRODUCT(P60:AA60, M61:M72) | Z72: =SUMPRODUCT(P60:AA60, N61:N72) | AA72: =SUMPRODUCT(P60:AA60, O61:O72)
B74: ELEMENT 2 ANALYSIS BLOCK
B75: Node A ID | C75: =Inputs!C31 | D75: Node B ID | E75: =Inputs!D31
B76: Is Active? | C76: =AND(C75<>"",E75<>"")
B77: Node A Coord | C77: =IF(C76,VLOOKUP(C75,Inputs!$B$17:$E$24,2,FALSE),0.0) | D77: =IF(C76,VLOOKUP(C75,Inputs!$B$17:$E$24,3,FALSE),0.0) | E77: =IF(C76,VLOOKUP(C75,Inputs!$B$17:$E$24,4,FALSE),0.0) | F77: Node B Coord | G77: =IF(C76,VLOOKUP(E75,Inputs!$B$17:$E$24,2,FALSE),0.0) | H77: =IF(C76,VLOOKUP(E75,Inputs!$B$17:$E$24,3,FALSE),0.0) | I77: =IF(C76,VLOOKUP(E75,Inputs!$B$17:$E$24,4,FALSE),0.0)
B78: deltas dx,dy,dz | C78: =G77-C77 | D78: =H77-D77 | E78: =I77-E77 | F78: Length L | G78: =IF(C76,SQRT(C78^2+D78^2+E78^2),1.0)
B79: dir cosines lx,my,nz | C79: =C78/G78 | D79: =D78/G78 | E79: =E78/G78 | F79: D_is_zero | G79: =AND(ABS(C79)<1E-5,ABS(D79)<1E-5) | H79: D | I79: =SQRT(C79^2+D79^2) | L79: ROTATION MATRIX lambda
B80: Material E, G, alpha | C80: =VLOOKUP(Inputs!G31,Inputs!$B$7:$H$8,2,FALSE) | D80: =VLOOKUP(Inputs!G31,Inputs!$B$7:$H$8,3,FALSE) | E80: =VLOOKUP(Inputs!G31,Inputs!$B$7:$H$8,4,FALSE) | L80: =C79 | M80: =D79 | N80: =E79
B81: Section OD, t | C81: =VLOOKUP(Inputs!H31,Inputs!$B$12:$H$13,2,FALSE) | D81: =VLOOKUP(Inputs!H31,Inputs!$B$12:$H$13,3,FALSE) | L81: =IF(G79,0,-D79/I79) | M81: =IF(G79,IF(E79>0,1,-1),C79/I79) | N81: 0
B82: ro, ri | C82: =C81/2 | D82: =C82-D81 | E82: Area A | F82: =PI()*(C82^2-D82^2) | L82: =IF(G79,IF(E79>0,-1,1),-C79*E79/I79) | M82: =IF(G79,0,-D79*E79/I79) | N82: =IF(G79,0,I79)
B83: Inertia I, J | C83: =(PI()/4)*(C82^4-D82^4) | D83: =C83*2 | E83: Flex Factor k | F83: =IF(Inputs!E31="bend",IF(Inputs!F31<>"",MAX(1.0,1.65/((D81*Inputs!F31)/(((C81-D81)/2)^2))),1.0),1.0)
D84: =IF(C76,$C$80*$F$82/$G$78,0) | E84: 0 | F84: 0 | G84: 0 | H84: 0 | I84: 0 | J84: =-D84 | K84: 0 | L84: 0 | M84: 0 | N84: 0 | O84: 0 | P84: =L80 | Q84: =M80 | R84: =N80 | S84: 0 | T84: 0 | U84: 0 | V84: 0 | W84: 0 | X84: 0 | Y84: 0 | Z84: 0 | AA84: 0 | AG84: =INDEX(Global_Solver!$BC$5:$BC$52, 6*C75+1, 1) | AH84: =SUMPRODUCT(P84:AA84, AG84:AG95) | AI84: =SUMPRODUCT(D84:O84, AH84:AH95)-B96
D85: 0 | E85: =IF(C76,=(12*$C$80*($C$83/$F$83))/($G$78^3),0) | F85: 0 | G85: 0 | H85: 0 | I85: =IF(C76,=(6*$C$80*($C$83/$F$83))/($G$78^2),0) | J85: 0 | K85: =-E85 | L85: 0 | M85: 0 | N85: 0 | O85: =I85 | P85: =L81 | Q85: =M81 | R85: =N81 | S85: 0 | T85: 0 | U85: 0 | V85: 0 | W85: 0 | X85: 0 | Y85: 0 | Z85: 0 | AA85: 0 | AG85: =INDEX(Global_Solver!$BC$5:$BC$52, 6*C75+2, 1) | AH85: =SUMPRODUCT(P85:AA85, AG84:AG95) | AI85: =SUMPRODUCT(D85:O85, AH84:AH95)-B97
D86: 0 | E86: 0 | F86: =IF(C76,=(12*$C$80*($C$83/$F$83))/($G$78^3),0) | G86: 0 | H86: =IF(C76,-=(6*$C$80*($C$83/$F$83))/($G$78^2),0) | I86: 0 | J86: 0 | K86: 0 | L86: =-F86 | M86: 0 | N86: =H86 | O86: 0 | P86: =L82 | Q86: =M82 | R86: =N82 | S86: 0 | T86: 0 | U86: 0 | V86: 0 | W86: 0 | X86: 0 | Y86: 0 | Z86: 0 | AA86: 0 | AG86: =INDEX(Global_Solver!$BC$5:$BC$52, 6*C75+3, 1) | AH86: =SUMPRODUCT(P86:AA86, AG84:AG95) | AI86: =SUMPRODUCT(D86:O86, AH84:AH95)-B98
D87: 0 | E87: 0 | F87: 0 | G87: =IF(C76,$D$80*$D$83/$G$78,0) | H87: 0 | I87: 0 | J87: 0 | K87: 0 | L87: 0 | M87: =-G87 | N87: 0 | O87: 0 | P87: 0 | Q87: 0 | R87: 0 | S87: =L80 | T87: =M80 | U87: =N80 | V87: 0 | W87: 0 | X87: 0 | Y87: 0 | Z87: 0 | AA87: 0 | AG87: =INDEX(Global_Solver!$BC$5:$BC$52, 6*C75+4, 1) | AH87: =SUMPRODUCT(P87:AA87, AG84:AG95) | AI87: =SUMPRODUCT(D87:O87, AH84:AH95)-B99
D88: 0 | E88: 0 | F88: =H86 | G88: 0 | H88: =IF(C76,=(4*$C$80*($C$83/$F$83))/$G$78,0) | I88: 0 | J88: 0 | K88: 0 | L88: =-H86 | M88: 0 | N88: =IF(C76,=(2*$C$80*($C$83/$F$83))/$G$78,0) | O88: 0 | P88: 0 | Q88: 0 | R88: 0 | S88: =L81 | T88: =M81 | U88: =N81 | V88: 0 | W88: 0 | X88: 0 | Y88: 0 | Z88: 0 | AA88: 0 | AG88: =INDEX(Global_Solver!$BC$5:$BC$52, 6*C75+5, 1) | AH88: =SUMPRODUCT(P88:AA88, AG84:AG95) | AI88: =SUMPRODUCT(D88:O88, AH84:AH95)-B100
D89: 0 | E89: =I85 | F89: 0 | G89: 0 | H89: 0 | I89: =IF(C76,=(4*$C$80*($C$83/$F$83))/$G$78,0) | J89: 0 | K89: =-I85 | L89: 0 | M89: 0 | N89: 0 | O89: =IF(C76,=(2*$C$80*($C$83/$F$83))/$G$78,0) | P89: 0 | Q89: 0 | R89: 0 | S89: =L82 | T89: =M82 | U89: =N82 | V89: 0 | W89: 0 | X89: 0 | Y89: 0 | Z89: 0 | AA89: 0 | AG89: =INDEX(Global_Solver!$BC$5:$BC$52, 6*C75+6, 1) | AH89: =SUMPRODUCT(P89:AA89, AG84:AG95) | AI89: =SUMPRODUCT(D89:O89, AH84:AH95)-B101
D90: =J84 | E90: 0 | F90: 0 | G90: 0 | H90: 0 | I90: 0 | J90: =-J84 | K90: 0 | L90: 0 | M90: 0 | N90: 0 | O90: 0 | P90: 0 | Q90: 0 | R90: 0 | S90: 0 | T90: 0 | U90: 0 | V90: =L80 | W90: =M80 | X90: =N80 | Y90: 0 | Z90: 0 | AA90: 0 | AG90: =INDEX(Global_Solver!$BC$5:$BC$52, 6*E75+1, 1) | AH90: =SUMPRODUCT(P90:AA90, AG84:AG95) | AI90: =SUMPRODUCT(D90:O90, AH84:AH95)-B102
D91: 0 | E91: =K85 | F91: 0 | G91: 0 | H91: 0 | I91: =K89 | J91: 0 | K91: =E85 | L91: 0 | M91: 0 | N91: 0 | O91: =-I85 | P91: 0 | Q91: 0 | R91: 0 | S91: 0 | T91: 0 | U91: 0 | V91: =L81 | W91: =M81 | X91: =N81 | Y91: 0 | Z91: 0 | AA91: 0 | AG91: =INDEX(Global_Solver!$BC$5:$BC$52, 6*E75+2, 1) | AH91: =SUMPRODUCT(P91:AA91, AG84:AG95) | AI91: =SUMPRODUCT(D91:O91, AH84:AH95)-B103
D92: 0 | E92: 0 | F92: =L86 | G92: 0 | H92: =L88 | I92: 0 | J92: 0 | K92: 0 | L92: =F86 | M92: 0 | N92: =-H86 | O92: 0 | P92: 0 | Q92: 0 | R92: 0 | S92: 0 | T92: 0 | U92: 0 | V92: =L82 | W92: =M82 | X92: =N82 | Y92: 0 | Z92: 0 | AA92: 0 | AG92: =INDEX(Global_Solver!$BC$5:$BC$52, 6*E75+3, 1) | AH92: =SUMPRODUCT(P92:AA92, AG84:AG95) | AI92: =SUMPRODUCT(D92:O92, AH84:AH95)-B104
D93: 0 | E93: 0 | F93: 0 | G93: =M87 | H93: 0 | I93: 0 | J93: 0 | K93: 0 | L93: 0 | M93: =-M87 | N93: 0 | O93: 0 | P93: 0 | Q93: 0 | R93: 0 | S93: 0 | T93: 0 | U93: 0 | V93: 0 | W93: 0 | X93: 0 | Y93: =L80 | Z93: =M80 | AA93: =N80 | AG93: =INDEX(Global_Solver!$BC$5:$BC$52, 6*E75+4, 1) | AH93: =SUMPRODUCT(P93:AA93, AG84:AG95) | AI93: =SUMPRODUCT(D93:O93, AH84:AH95)-B105
D94: 0 | E94: 0 | F94: =N86 | G94: 0 | H94: =N88 | I94: 0 | J94: 0 | K94: 0 | L94: =L92 | M94: 0 | N94: =H88 | O94: 0 | P94: 0 | Q94: 0 | R94: 0 | S94: 0 | T94: 0 | U94: 0 | V94: 0 | W94: 0 | X94: 0 | Y94: =L81 | Z94: =M81 | AA94: =N81 | AG94: =INDEX(Global_Solver!$BC$5:$BC$52, 6*E75+5, 1) | AH94: =SUMPRODUCT(P94:AA94, AG84:AG95) | AI94: =SUMPRODUCT(D94:O94, AH84:AH95)-B106
D95: 0 | E95: =O85 | F95: 0 | G95: 0 | H95: 0 | I95: =O89 | J95: 0 | K95: =K91 | L95: 0 | M95: 0 | N95: 0 | O95: =I89 | P95: 0 | Q95: 0 | R95: 0 | S95: 0 | T95: 0 | U95: 0 | V95: 0 | W95: 0 | X95: 0 | Y95: =L82 | Z95: =M82 | AA95: =N82 | AG95: =INDEX(Global_Solver!$BC$5:$BC$52, 6*E75+6, 1) | AH95: =SUMPRODUCT(P95:AA95, AG84:AG95) | AI95: =SUMPRODUCT(D95:O95, AH84:AH95)-B107
B96: =IF(C76,-C80*F82*E80*Inputs!$K$11,0) | C96: =SUMPRODUCT(P84:AA84, B96:B107) | D96: =SUMPRODUCT(D84:O84, P84:P95) | E96: =SUMPRODUCT(D84:O84, Q84:Q95) | F96: =SUMPRODUCT(D84:O84, R84:R95) | G96: =SUMPRODUCT(D84:O84, S84:S95) | H96: =SUMPRODUCT(D84:O84, T84:T95) | I96: =SUMPRODUCT(D84:O84, U84:U95) | J96: =SUMPRODUCT(D84:O84, V84:V95) | K96: =SUMPRODUCT(D84:O84, W84:W95) | L96: =SUMPRODUCT(D84:O84, X84:X95) | M96: =SUMPRODUCT(D84:O84, Y84:Y95) | N96: =SUMPRODUCT(D84:O84, Z84:Z95) | O96: =SUMPRODUCT(D84:O84, AA84:AA95) | P96: =SUMPRODUCT(P84:AA84, D96:D107) | Q96: =SUMPRODUCT(P84:AA84, E96:E107) | R96: =SUMPRODUCT(P84:AA84, F96:F107) | S96: =SUMPRODUCT(P84:AA84, G96:G107) | T96: =SUMPRODUCT(P84:AA84, H96:H107) | U96: =SUMPRODUCT(P84:AA84, I96:I107) | V96: =SUMPRODUCT(P84:AA84, J96:J107) | W96: =SUMPRODUCT(P84:AA84, K96:K107) | X96: =SUMPRODUCT(P84:AA84, L96:L107) | Y96: =SUMPRODUCT(P84:AA84, M96:M107) | Z96: =SUMPRODUCT(P84:AA84, N96:N107) | AA96: =SUMPRODUCT(P84:AA84, O96:O107)
B97: 0 | C97: =SUMPRODUCT(P85:AA85, B96:B107) | D97: =SUMPRODUCT(D85:O85, P84:P95) | E97: =SUMPRODUCT(D85:O85, Q84:Q95) | F97: =SUMPRODUCT(D85:O85, R84:R95) | G97: =SUMPRODUCT(D85:O85, S84:S95) | H97: =SUMPRODUCT(D85:O85, T84:T95) | I97: =SUMPRODUCT(D85:O85, U84:U95) | J97: =SUMPRODUCT(D85:O85, V84:V95) | K97: =SUMPRODUCT(D85:O85, W84:W95) | L97: =SUMPRODUCT(D85:O85, X84:X95) | M97: =SUMPRODUCT(D85:O85, Y84:Y95) | N97: =SUMPRODUCT(D85:O85, Z84:Z95) | O97: =SUMPRODUCT(D85:O85, AA84:AA95) | P97: =SUMPRODUCT(P85:AA85, D96:D107) | Q97: =SUMPRODUCT(P85:AA85, E96:E107) | R97: =SUMPRODUCT(P85:AA85, F96:F107) | S97: =SUMPRODUCT(P85:AA85, G96:G107) | T97: =SUMPRODUCT(P85:AA85, H96:H107) | U97: =SUMPRODUCT(P85:AA85, I96:I107) | V97: =SUMPRODUCT(P85:AA85, J96:J107) | W97: =SUMPRODUCT(P85:AA85, K96:K107) | X97: =SUMPRODUCT(P85:AA85, L96:L107) | Y97: =SUMPRODUCT(P85:AA85, M96:M107) | Z97: =SUMPRODUCT(P85:AA85, N96:N107) | AA97: =SUMPRODUCT(P85:AA85, O96:O107)
B98: 0 | C98: =SUMPRODUCT(P86:AA86, B96:B107) | D98: =SUMPRODUCT(D86:O86, P84:P95) | E98: =SUMPRODUCT(D86:O86, Q84:Q95) | F98: =SUMPRODUCT(D86:O86, R84:R95) | G98: =SUMPRODUCT(D86:O86, S84:S95) | H98: =SUMPRODUCT(D86:O86, T84:T95) | I98: =SUMPRODUCT(D86:O86, U84:U95) | J98: =SUMPRODUCT(D86:O86, V84:V95) | K98: =SUMPRODUCT(D86:O86, W84:W95) | L98: =SUMPRODUCT(D86:O86, X84:X95) | M98: =SUMPRODUCT(D86:O86, Y84:Y95) | N98: =SUMPRODUCT(D86:O86, Z84:Z95) | O98: =SUMPRODUCT(D86:O86, AA84:AA95) | P98: =SUMPRODUCT(P86:AA86, D96:D107) | Q98: =SUMPRODUCT(P86:AA86, E96:E107) | R98: =SUMPRODUCT(P86:AA86, F96:F107) | S98: =SUMPRODUCT(P86:AA86, G96:G107) | T98: =SUMPRODUCT(P86:AA86, H96:H107) | U98: =SUMPRODUCT(P86:AA86, I96:I107) | V98: =SUMPRODUCT(P86:AA86, J96:J107) | W98: =SUMPRODUCT(P86:AA86, K96:K107) | X98: =SUMPRODUCT(P86:AA86, L96:L107) | Y98: =SUMPRODUCT(P86:AA86, M96:M107) | Z98: =SUMPRODUCT(P86:AA86, N96:N107) | AA98: =SUMPRODUCT(P86:AA86, O96:O107)
B99: 0 | C99: =SUMPRODUCT(P87:AA87, B96:B107) | D99: =SUMPRODUCT(D87:O87, P84:P95) | E99: =SUMPRODUCT(D87:O87, Q84:Q95) | F99: =SUMPRODUCT(D87:O87, R84:R95) | G99: =SUMPRODUCT(D87:O87, S84:S95) | H99: =SUMPRODUCT(D87:O87, T84:T95) | I99: =SUMPRODUCT(D87:O87, U84:U95) | J99: =SUMPRODUCT(D87:O87, V84:V95) | K99: =SUMPRODUCT(D87:O87, W84:W95) | L99: =SUMPRODUCT(D87:O87, X84:X95) | M99: =SUMPRODUCT(D87:O87, Y84:Y95) | N99: =SUMPRODUCT(D87:O87, Z84:Z95) | O99: =SUMPRODUCT(D87:O87, AA84:AA95) | P99: =SUMPRODUCT(P87:AA87, D96:D107) | Q99: =SUMPRODUCT(P87:AA87, E96:E107) | R99: =SUMPRODUCT(P87:AA87, F96:F107) | S99: =SUMPRODUCT(P87:AA87, G96:G107) | T99: =SUMPRODUCT(P87:AA87, H96:H107) | U99: =SUMPRODUCT(P87:AA87, I96:I107) | V99: =SUMPRODUCT(P87:AA87, J96:J107) | W99: =SUMPRODUCT(P87:AA87, K96:K107) | X99: =SUMPRODUCT(P87:AA87, L96:L107) | Y99: =SUMPRODUCT(P87:AA87, M96:M107) | Z99: =SUMPRODUCT(P87:AA87, N96:N107) | AA99: =SUMPRODUCT(P87:AA87, O96:O107)
B100: 0 | C100: =SUMPRODUCT(P88:AA88, B96:B107) | D100: =SUMPRODUCT(D88:O88, P84:P95) | E100: =SUMPRODUCT(D88:O88, Q84:Q95) | F100: =SUMPRODUCT(D88:O88, R84:R95) | G100: =SUMPRODUCT(D88:O88, S84:S95) | H100: =SUMPRODUCT(D88:O88, T84:T95) | I100: =SUMPRODUCT(D88:O88, U84:U95) | J100: =SUMPRODUCT(D88:O88, V84:V95) | K100: =SUMPRODUCT(D88:O88, W84:W95) | L100: =SUMPRODUCT(D88:O88, X84:X95) | M100: =SUMPRODUCT(D88:O88, Y84:Y95) | N100: =SUMPRODUCT(D88:O88, Z84:Z95) | O100: =SUMPRODUCT(D88:O88, AA84:AA95) | P100: =SUMPRODUCT(P88:AA88, D96:D107) | Q100: =SUMPRODUCT(P88:AA88, E96:E107) | R100: =SUMPRODUCT(P88:AA88, F96:F107) | S100: =SUMPRODUCT(P88:AA88, G96:G107) | T100: =SUMPRODUCT(P88:AA88, H96:H107) | U100: =SUMPRODUCT(P88:AA88, I96:I107) | V100: =SUMPRODUCT(P88:AA88, J96:J107) | W100: =SUMPRODUCT(P88:AA88, K96:K107) | X100: =SUMPRODUCT(P88:AA88, L96:L107) | Y100: =SUMPRODUCT(P88:AA88, M96:M107) | Z100: =SUMPRODUCT(P88:AA88, N96:N107) | AA100: =SUMPRODUCT(P88:AA88, O96:O107)
B101: 0 | C101: =SUMPRODUCT(P89:AA89, B96:B107) | D101: =SUMPRODUCT(D89:O89, P84:P95) | E101: =SUMPRODUCT(D89:O89, Q84:Q95) | F101: =SUMPRODUCT(D89:O89, R84:R95) | G101: =SUMPRODUCT(D89:O89, S84:S95) | H101: =SUMPRODUCT(D89:O89, T84:T95) | I101: =SUMPRODUCT(D89:O89, U84:U95) | J101: =SUMPRODUCT(D89:O89, V84:V95) | K101: =SUMPRODUCT(D89:O89, W84:W95) | L101: =SUMPRODUCT(D89:O89, X84:X95) | M101: =SUMPRODUCT(D89:O89, Y84:Y95) | N101: =SUMPRODUCT(D89:O89, Z84:Z95) | O101: =SUMPRODUCT(D89:O89, AA84:AA95) | P101: =SUMPRODUCT(P89:AA89, D96:D107) | Q101: =SUMPRODUCT(P89:AA89, E96:E107) | R101: =SUMPRODUCT(P89:AA89, F96:F107) | S101: =SUMPRODUCT(P89:AA89, G96:G107) | T101: =SUMPRODUCT(P89:AA89, H96:H107) | U101: =SUMPRODUCT(P89:AA89, I96:I107) | V101: =SUMPRODUCT(P89:AA89, J96:J107) | W101: =SUMPRODUCT(P89:AA89, K96:K107) | X101: =SUMPRODUCT(P89:AA89, L96:L107) | Y101: =SUMPRODUCT(P89:AA89, M96:M107) | Z101: =SUMPRODUCT(P89:AA89, N96:N107) | AA101: =SUMPRODUCT(P89:AA89, O96:O107)
B102: =IF(C76,C80*F82*E80*Inputs!$K$11,0) | C102: =SUMPRODUCT(P90:AA90, B96:B107) | D102: =SUMPRODUCT(D90:O90, P84:P95) | E102: =SUMPRODUCT(D90:O90, Q84:Q95) | F102: =SUMPRODUCT(D90:O90, R84:R95) | G102: =SUMPRODUCT(D90:O90, S84:S95) | H102: =SUMPRODUCT(D90:O90, T84:T95) | I102: =SUMPRODUCT(D90:O90, U84:U95) | J102: =SUMPRODUCT(D90:O90, V84:V95) | K102: =SUMPRODUCT(D90:O90, W84:W95) | L102: =SUMPRODUCT(D90:O90, X84:X95) | M102: =SUMPRODUCT(D90:O90, Y84:Y95) | N102: =SUMPRODUCT(D90:O90, Z84:Z95) | O102: =SUMPRODUCT(D90:O90, AA84:AA95) | P102: =SUMPRODUCT(P90:AA90, D96:D107) | Q102: =SUMPRODUCT(P90:AA90, E96:E107) | R102: =SUMPRODUCT(P90:AA90, F96:F107) | S102: =SUMPRODUCT(P90:AA90, G96:G107) | T102: =SUMPRODUCT(P90:AA90, H96:H107) | U102: =SUMPRODUCT(P90:AA90, I96:I107) | V102: =SUMPRODUCT(P90:AA90, J96:J107) | W102: =SUMPRODUCT(P90:AA90, K96:K107) | X102: =SUMPRODUCT(P90:AA90, L96:L107) | Y102: =SUMPRODUCT(P90:AA90, M96:M107) | Z102: =SUMPRODUCT(P90:AA90, N96:N107) | AA102: =SUMPRODUCT(P90:AA90, O96:O107)
B103: 0 | C103: =SUMPRODUCT(P91:AA91, B96:B107) | D103: =SUMPRODUCT(D91:O91, P84:P95) | E103: =SUMPRODUCT(D91:O91, Q84:Q95) | F103: =SUMPRODUCT(D91:O91, R84:R95) | G103: =SUMPRODUCT(D91:O91, S84:S95) | H103: =SUMPRODUCT(D91:O91, T84:T95) | I103: =SUMPRODUCT(D91:O91, U84:U95) | J103: =SUMPRODUCT(D91:O91, V84:V95) | K103: =SUMPRODUCT(D91:O91, W84:W95) | L103: =SUMPRODUCT(D91:O91, X84:X95) | M103: =SUMPRODUCT(D91:O91, Y84:Y95) | N103: =SUMPRODUCT(D91:O91, Z84:Z95) | O103: =SUMPRODUCT(D91:O91, AA84:AA95) | P103: =SUMPRODUCT(P91:AA91, D96:D107) | Q103: =SUMPRODUCT(P91:AA91, E96:E107) | R103: =SUMPRODUCT(P91:AA91, F96:F107) | S103: =SUMPRODUCT(P91:AA91, G96:G107) | T103: =SUMPRODUCT(P91:AA91, H96:H107) | U103: =SUMPRODUCT(P91:AA91, I96:I107) | V103: =SUMPRODUCT(P91:AA91, J96:J107) | W103: =SUMPRODUCT(P91:AA91, K96:K107) | X103: =SUMPRODUCT(P91:AA91, L96:L107) | Y103: =SUMPRODUCT(P91:AA91, M96:M107) | Z103: =SUMPRODUCT(P91:AA91, N96:N107) | AA103: =SUMPRODUCT(P91:AA91, O96:O107)
B104: 0 | C104: =SUMPRODUCT(P92:AA92, B96:B107) | D104: =SUMPRODUCT(D92:O92, P84:P95) | E104: =SUMPRODUCT(D92:O92, Q84:Q95) | F104: =SUMPRODUCT(D92:O92, R84:R95) | G104: =SUMPRODUCT(D92:O92, S84:S95) | H104: =SUMPRODUCT(D92:O92, T84:T95) | I104: =SUMPRODUCT(D92:O92, U84:U95) | J104: =SUMPRODUCT(D92:O92, V84:V95) | K104: =SUMPRODUCT(D92:O92, W84:W95) | L104: =SUMPRODUCT(D92:O92, X84:X95) | M104: =SUMPRODUCT(D92:O92, Y84:Y95) | N104: =SUMPRODUCT(D92:O92, Z84:Z95) | O104: =SUMPRODUCT(D92:O92, AA84:AA95) | P104: =SUMPRODUCT(P92:AA92, D96:D107) | Q104: =SUMPRODUCT(P92:AA92, E96:E107) | R104: =SUMPRODUCT(P92:AA92, F96:F107) | S104: =SUMPRODUCT(P92:AA92, G96:G107) | T104: =SUMPRODUCT(P92:AA92, H96:H107) | U104: =SUMPRODUCT(P92:AA92, I96:I107) | V104: =SUMPRODUCT(P92:AA92, J96:J107) | W104: =SUMPRODUCT(P92:AA92, K96:K107) | X104: =SUMPRODUCT(P92:AA92, L96:L107) | Y104: =SUMPRODUCT(P92:AA92, M96:M107) | Z104: =SUMPRODUCT(P92:AA92, N96:N107) | AA104: =SUMPRODUCT(P92:AA92, O96:O107)
...

Sheet Global_Solver
B2: Global Assembly, Boundary Conditions, and Linear Equation Solver
C4: N0_tx | D4: N0_ty | E4: N0_tz | F4: N0_rx | G4: N0_ry | H4: N0_rz | I4: N1_tx | J4: N1_ty | K4: N1_tz | L4: N1_rx | M4: N1_ry | N4: N1_rz | O4: N2_tx | P4: N2_ty | Q4: N2_tz | R4: N2_rx | S4: N2_ry | T4: N2_rz | U4: N3_tx | V4: N3_ty | W4: N3_tz | X4: N3_rx | Y4: N3_ry | Z4: N3_rz | AA4: N4_tx | AB4: N4_ty | AC4: N4_tz | AD4: N4_rx | AE4: N4_ry | AF4: N4_rz | AG4: N5_tx | AH4: N5_ty | AI4: N5_tz | AJ4: N5_rx | AK4: N5_ry | AL4: N5_rz | AM4: N6_tx | AN4: N6_ty | AO4: N6_tz | AP4: N6_rx | AQ4: N6_ry | AR4: N6_rz | AS4: N7_tx | AT4: N7_ty | AU4: N7_tz | AV4: N7_rx | AW4: N7_ry | AX4: N7_rz | AY4: F_Weight (N) | AZ4: F_Thermal (N) | BB4: u_Weight (m) | BC4: u_Thermal (m)
B5: N0_tx | C5: =IF(Element_Stiffness!$C$6,IF(Element_Stiffness!$C$5=0,IF(0=Element_Stiffness!$C$5,Element_Stiffness!P26,IF(0=Element_Stiffness!$E$5,Element_Stiffness!V26,0)),IF(Element_Stiffness!$E$5=0,IF(0=Element_Stiffness!$C$5,Element_Stiffness!P32,IF(0=Element_Stiffness!$E$5,Element_Stiffness!V32,0)),0)),0)+IF(Element_Stiffness!$C$41,IF(Element_Stiffness!$C$40=0,IF(0=Element_Stiffness!$C$40,Element_Stiffness!P61,IF(0=Element_Stiffness!$E$40,Element_Stiffness!V61,0)),IF(Element_Stiffness!$E$40=0,IF(0=Element_Stiffness!$C$40,Element_Stiffness!P67,IF(0=Element_Stiffness!$E$40,Element_Stiffness!V67,0)),0)),0)+IF(Element_Stiffness!$C$76,IF(Element_Stiffness!$C$75=0,IF(0=Element_Stiffness!$C$75,Element_Stiffness!P96,IF(0=Element_Stiffness!$E$75,Element_Stiffness!V96,0)),IF(Element_Stiffness!$E$75=0,IF(0=Element_Stiffness!$C$75,Element_Stiffness!P102,IF(0=Element_Stiffness!$E$75,Element_Stiffness!V102,0)),0)),0)+IF(Element_Stiffness!$C$111,IF(Element_Stiffness!$C$110=0,IF(0=Element_Stiffness!$C$110,Element_Stiffness!P131,IF(0=Element_Stiffness!$E$110,Element_Stiffness!V131,0)),IF(Element_Stiffness!$E$110=0,IF(0=Element_Stiffness!$C$110,Element_Stiffness!P137,IF(0=Element_Stiffness!$E$110,Element_Stiffness!V137,0)),0)),0)+IF(Element_Stiffness!$C$146,IF(Element_Stiffness!$C$145=0,IF(0=Element_Stiffness!$C$145,Element_Stiffness!P166,IF(0=Element_Stiffness!$E$145,Element_Stiffness!V166,0)),IF(Element_Stiffness!$E$145=0,IF(0=Element_Stiffness!$C$145,Element_Stiffness!P172,IF(0=Element_Stiffness!$E$145,Element_Stiffness!V172,0)),0)),0)+IF(Element_Stiffness!$C$181,IF(Element_Stiffness!$C$180=0,IF(0=Element_Stiffness!$C$180,Element_Stiffness!P201,IF(0=Element_Stiffness!$E$180,Element_Stiffness!V201,0)),IF(Element_Stiffness!$E$180=0,IF(0=Element_Stiffness!$C$180,Element_Stiffness!P207,IF(0=Element_Stiffness!$E$180,Element_Stiffness!V207,0)),0)),0)+IF(Element_Stiffness!$C$216,IF(Element_Stiffness!$C$215=0,IF(0=Element_Stiffness!$C$215,Element_Stiffness!P236,IF(0=Element_Stiffness!$E$215,Element_Stiffness!V236,0)),IF(Element_Stiffness!$E$215=0,IF(0=Element_Stiffness!$C$215,Element_Stiffness!P242,IF(0=Element_Stiffness!$E$215,Element_Stiffness!V242,0)),0)),0)+IF(Inputs!C40=TRUE,1E15,IF(ISNUMBER(Inputs!C40),Inputs!C40,0)) | D5: =IF(Element_Stiffness!$C$6,IF(Element_Stiffness!$C$5=0,IF(0=Element_Stiffness!$C$5,Element_Stiffness!Q26,IF(0=Element_Stiffness!$E$5,Element_Stiffness!W26,0)),IF(Element_Stiffness!$E$5=0,IF(0=Element_Stiffness!$C$5,Element_Stiffness!Q32,IF(0=Element_Stiffness!$E$5,Element_Stiffness!W32,0)),0)),0)+IF(Element_Stiffness!$C$41,IF(Element_Stiffness!$C$40=0,IF(0=Element_Stiffness!$C$40,Element_Stiffness!Q61,IF(0=Element_Stiffness!$E$40,Element_Stiffness!W61,0)),IF(Element_Stiffness!$E$40=0,IF(0=Element_Stiffness!$C$40,Element_Stiffness!Q67,IF(0=Element_Stiffness!$E$40,Element_Stiffness!W67,0)),0)),0)+IF(Element_Stiffness!$C$76,IF(Element_Stiffness!$C$75=0,IF(0=Element_Stiffness!$C$75,Element_Stiffness!Q96,IF(0=Element_Stiffness!$E$75,Element_Stiffness!W96,0)),IF(Element_Stiffness!$E$75=0,IF(0=Element_Stiffness!$C$75,Element_Stiffness!Q102,IF(0=Element_Stiffness!$E$75,Element_Stiffness!W102,0)),0)),0)+IF(Element_Stiffness!$C$111,IF(Element_Stiffness!$C$110=0,IF(0=Element_Stiffness!$C$110,Element_Stiffness!Q131,IF(0=Element_Stiffness!$E$110,Element_Stiffness!W131,0)),IF(Element_Stiffness!$E$110=0,IF(0=Element_Stiffness!$C$110,Element_Stiffness!Q137,IF(0=Element_Stiffness!$E$110,Element_Stiffness!W137,0)),0)),0)+IF(Element_Stiffness!$C$146,IF(Element_Stiffness!$C$145=0,IF(0=Element_Stiffness!$C$145,Element_Stiffness!Q166,IF(0=Element_Stiffness!$E$145,Element_Stiffness!W166,0)),IF(Element_Stiffness!$E$145=0,IF(0=Element_Stiffness!$C$145,Element_Stiffness!Q172,IF(0=Element_Stiffness!$E$145,Element_Stiffness!W172,0)),0)),0)+IF(Element_Stiffness!$C$181,IF(Element_Stiffness!$C$180=0,IF(0=Element_Stiffness!$C$180,Element_Stiffness!Q201,IF(0=Element_Stiffness!$E$180,Element_Stiffness!W201,0)),IF(Element_Stiffness!$E$180=0,IF(0=Element_Stiffness!$C$180,Element_Stiffness!Q207,IF(0=Element_Stiffness!$E$180,Element_Stiffness!W207,0)),0)),0)+IF(Element_Stiffness!$C$216,IF(Element_Stiffness!$C$215=0,IF(0=Element_Stiffness!$C$215,Element_Stiffness!Q236,IF(0=Element_Stiffness!$E$215,Element_Stiffness!W236,0)),IF(Element_Stiffness!$E$215=0,IF(0=Element_Stiffness!$C$215,Element_Stiffness!Q242,IF(0=Element_Stiffness!$E$215,Element_Stiffness!W242,0)),0)),0) | E5: =IF(Element_Stiffness!$C$6,IF(Element_Stiffness!$C$5=0,IF(0=Element_Stiffness!$C$5,Element_Stiffness!R26,IF(0=Element_Stiffness!$E$5,Element_Stiffness!X26,0)),IF(Element_Stiffness!$E$5=0,IF(0=Element_Stiffness!$C$5,Element_Stiffness!R32,IF(0=Element_Stiffness!$E$5,Element_Stiffness!X32,0)),0)),0)+IF(Element_Stiffness!$C$41,IF(Element_Stiffness!$C$40=0,IF(0=Element_Stiffness!$C$40,Element_Stiffness!R61,IF(0=Element_Stiffness!$E$40,Element_Stiffness!X61,0)),IF(Element_Stiffness!$E$40=0,IF(0=Element_Stiffness!$C$40,Element_Stiffness!R67,IF(0=Element_Stiffness!$E$40,Element_Stiffness!X67,0)),0)),0)+IF(Element_Stiffness!$C$76,IF(Element_Stiffness!$C$75=0,IF(0=Element_Stiffness!$C$75,Element_Stiffness!R96,IF(0=Element_Stiffness!$E$75,Element_Stiffness!X96,0)),IF(Element_Stiffness!$E$75=0,IF(0=Element_Stiffness!$C$75,Element_Stiffness!R102,IF(0=Element_Stiffness!$E$75,Element_Stiffness!X102,0)),0)),0)+IF(Element_Stiffness!$C$111,IF(Element_Stiffness!$C$110=0,IF(0=Element_Stiffness!$C$110,Element_Stiffness!R131,IF(0=Element_Stiffness!$E$110,Element_Stiffness!X131,0)),IF(Element_Stiffness!$E$110=0,IF(0=Element_Stiffness!$C$110,Element_Stiffness!R137,IF(0=Element_Stiffness!$E$110,Element_Stiffness!X137,0)),0)),0)+IF(Element_Stiffness!$C$146,IF(Element_Stiffness!$C$145=0,IF(0=Element_Stiffness!$C$145,Element_Stiffness!R166,IF(0=Element_Stiffness!$E$145,Element_Stiffness!X166,0)),IF(Element_Stiffness!$E$145=0,IF(0=Element_Stiffness!$C$145,Element_Stiffness!R172,IF(0=Element_Stiffness!$E$145,Element_Stiffness!X172,0)),0)),0)+IF(Element_Stiffness!$C$181,IF(Element_Stiffness!$C$180=0,IF(0=Element_Stiffness!$C$180,Element_Stiffness!R201,IF(0=Element_Stiffness!$E$180,Element_Stiffness!X201,0)),IF(Element_Stiffness!$E$180=0,IF(0=Element_Stiffness!$C$180,Element_Stiffness!R207,IF(0=Element_Stiffness!$E$180,Element_Stiffness!X207,0)),0)),0)+IF(Element_Stiffness!$C$216,IF(Element_Stiffness!$C$215=0,IF(0=Element_Stiffness!$C$215,Element_Stiffness!R236,IF(0=Element_Stiffness!$E$215,Element_Stiffness!X236,0)),IF(Element_Stiffness!$E$215=0,IF(0=Element_Stiffness!$C$215,Element_Stiffness!R242,IF(0=Element_Stiffness!$E$215,Element_Stiffness!X242,0)),0)),0) | F5: =IF(Element_Stiffness!$C$6,IF(Element_Stiffness!$C$5=0,IF(0=Element_Stiffness!$C$5,Element_Stiffness!S26,IF(0=Element_Stiffness!$E$5,Element_Stiffness!Y26,0)),IF(Element_Stiffness!$E$5=0,IF(0=Element_Stiffness!$C$5,Element_Stiffness!S32,IF(0=Element_Stiffness!$E$5,Element_Stiffness!Y32,0)),0)),0)+IF(Element_Stiffness!$C$41,IF(Element_Stiffness!$C$40=0,IF(0=Element_Stiffness!$C$40,Element_Stiffness!S61,IF(0=Element_Stiffness!$E$40,Element_Stiffness!Y61,0)),IF(Element_Stiffness!$E$40=0,IF(0=Element_Stiffness!$C$40,Element_Stiffness!S67,IF(0=Element_Stiffness!$E$40,Element_Stiffness!Y67,0)),0)),0)+IF(Element_Stiffness!$C$76,IF(Element_Stiffness!$C$75=0,IF(0=Element_Stiffness!$C$75,Element_Stiffness!S96,IF(0=Element_Stiffness!$E$75,Element_Stiffness!Y96,0)),IF(Element_Stiffness!$E$75=0,IF(0=Element_Stiffness!$C$75,Element_Stiffness!S102,IF(0=Element_Stiffness!$E$75,Element_Stiffness!Y102,0)),0)),0)+IF(Element_Stiffness!$C$111,IF(Element_Stiffness!$C$110=0,IF(0=Element_Stiffness!$C$110,Element_Stiffness!S131,IF(0=Element_Stiffness!$E$110,Element_Stiffness!Y131,0)),IF(Element_Stiffness!$E$110=0,IF(0=Element_Stiffness!$C$110,Element_Stiffness!S137,IF(0=Element_Stiffness!$E$110,Element_Stiffness!Y137,0)),0)),0)+IF(Element_Stiffness!$C$146,IF(Element_Stiffness!$C$145=0,IF(0=Element_Stiffness!$C$145,Element_Stiffness!S166,IF(0=Element_Stiffness!$E$145,Element_Stiffness!Y166,0)),IF(Element_Stiffness!$E$145=0,IF(0=Element_Stiffness!$C$145,Element_Stiffness!S172,IF(0=Element_Stiffness!$E$145,Element_Stiffness!Y172,0)),0)),0)+IF(Element_Stiffness!$C$181,IF(Element_Stiffness!$C$180=0,IF(0=Element_Stiffness!$C$180,Element_Stiffness!S201,IF(0=Element_Stiffness!$E$180,Element_Stiffness!Y201,0)),IF(Element_Stiffness!$E$180=0,IF(0=Element_Stiffness!$C$180,Element_Stiffness!S207,IF(0=Element_Stiffness!$E$180,Element_Stiffness!Y207,0)),0)),0)+IF(Element_Stiffness!$C$216,IF(Element_Stiffness!$C$215=0,IF(0=Element_Stiffness!$C$215,Element_Stiffness!S236,IF(0=Element_Stiffness!$E$215,Element_Stiffness!Y236,0)),IF(Element_Stiffness!$E$215=0,IF(0=Element_Stiffness!$C$215,Element_Stiffness!S242,IF(0=Element_Stiffness!$E$215,Element_Stiffness!Y242,0)),0)),0) | G5: =IF(Element_Stiffness!$C$6,IF(Element_Stiffness!$C$5=0,IF(0=Element_Stiffness!$C$5,Element_Stiffness!T26,IF(0=Element_Stiffness!$E$5,Element_Stiffness!Z26,0)),IF(Element_Stiffness!$E$5=0,IF(0=Element_Stiffness!$C$5,Element_Stiffness!T32,IF(0=Element_Stiffness!$E$5,Element_Stiffness!Z32,0)),0)),0)+IF(Element_Stiffness!$C$41,IF(Element_Stiffness!$C$40=0,IF(0=Element_Stiffness!$C$40,Element_Stiffness!T61,IF(0=Element_Stiffness!$E$40,Element_Stiffness!Z61,0)),IF(Element_Stiffness!$E$40=0,IF(0=Element_Stiffness!$C$40,Element_Stiffness!T67,IF(0=Element_Stiffness!$E$40,Element_Stiffness!Z67,0)),0)),0)+IF(Element_Stiffness!$C$76,IF(Element_Stiffness!$C$75=0,IF(0=Element_Stiffness!$C$75,Element_Stiffness!T96,IF(0=Element_Stiffness!$E$75,Element_Stiffness!Z96,0)),IF(Element_Stiffness!$E$75=0,IF(0=Element_Stiffness!$C$75,Element_Stiffness!T102,IF(0=Element_Stiffness!$E$75,Element_Stiffness!Z102,0)),0)),0)+IF(Element_Stiffness!$C$111,IF(Element_Stiffness!$C$110=0,IF(0=Element_Stiffness!$C$110,Element_Stiffness!T131,IF(0=Element_Stiffness!$E$110,Element_Stiffness!Z131,0)),IF(Element_Stiffness!$E$110=0,IF(0=Element_Stiffness!$C$110,Element_Stiffness!T137,IF(0=Element_Stiffness!$E$110,Element_Stiffness!Z137,0)),0)),0)+IF(Element_Stiffness!$C$146,IF(Element_Stiffness!$C$145=0,IF(0=Element_Stiffness!$C$145,Element_Stiffness!T166,IF(0=Element_Stiffness!$E$145,Element_Stiffness!Z166,0)),IF(Element_Stiffness!$E$145=0,IF(0=Element_Stiffness!$C$145,Element_Stiffness!T172,IF(0=Element_Stiffness!$E$145,Element_Stiffness!Z172,0)),0)),0)+IF(Element_Stiffness!$C$181,IF(Element_Stiffness!$C$180=0,IF(0=Element_Stiffness!$C$180,Element_Stiffness!T201,IF(0=Element_Stiffness!$E$180,Element_Stiffness!Z201,0)),IF(Element_Stiffness!$E$180=0,IF(0=Element_Stiffness!$C$180,Element_Stiffness!T207,IF(0=Element_Stiffness!$E$180,Element_Stiffness!Z207,0)),0)),0)+IF(Element_Stiffness!$C$216,IF(Element_Stiffness!$C$215=0,IF(0=Element_Stiffness!$C$215,Element_Stiffness!T236,IF(0=Element_Stiffness!$E$215,Element_Stiffness!Z236,0)),IF(Element_Stiffness!$E$215=0,IF(0=Element_Stiffness!$C$215,Element_Stiffness!T242,IF(0=Element_Stiffness!$E$215,Element_Stiffness!Z242,0)),0)),0) | H5: =IF(Element_Stiffness!$C$6,IF(Element_Stiffness!$C$5=0,IF(0=Element_Stiffness!$C$5,Element_Stiffness!U26,IF(0=Element_Stiffness!$E$5,Element_Stiffness!AA26,0)),IF(Element_Stiffness!$E$5=0,IF(0=Element_Stiffness!$C$5,Element_Stiffness!U32,IF(0=Element_Stiffness!$E$5,Element_Stiffness!AA32,0)),0)),0)+IF(Element_Stiffness!$C$41,IF(Element_Stiffness!$C$40=0,IF(0=Element_Stiffness!$C$40,Element_Stiffness!U61,IF(0=Element_Stiffness!$E$40,Element_Stiffness!AA61,0)),IF(Element_Stiffness!$E$40=0,IF(0=Element_Stiffness!$C$40,Element_Stiffness!U67,IF(0=Element_Stiffness!$E$40,Element_Stiffness!AA67,0)),0)),0)+IF(Element_Stiffness!$C$76,IF(Element_Stiffness!$C$75=0,IF(0=Element_Stiffness!$C$75,Element_Stiffness!U96,IF(0=Element_Stiffness!$E$75,Element_Stiffness!AA96,0)),IF(Element_Stiffness!$E$75=0,IF(0=Element_Stiffness!$C$75,Element_Stiffness!U102,IF(0=Element_Stiffness!$E$75,Element_Stiffness!AA102,0)),0)),0)+IF(Element_Stiffness!$C$111,IF(Element_Stiffness!$C$110=0,IF(0=Element_Stiffness!$C$110,Element_Stiffness!U131,IF(0=Element_Stiffness!$E$110,Element_Stiffness!AA131,0)),IF(Element_Stiffness!$E$110=0,IF(0=Element_Stiffness!$C$110,Element_Stiffness!U137,IF(0=Element_Stiffness!$E$110,Element_Stiffness!AA137,0)),0)),0)+IF(Element_Stiffness!$C$146,IF(Element_Stiffness!$C$145=0,IF(0=Element_Stiffness!$C$145,Element_Stiffness!U166,IF(0=Element_Stiffness!$E$145,Element_Stiffness!AA166,0)),IF(Element_Stiffness!$E$145=0,IF(0=Element_Stiffness!$C$145,Element_Stiffness!U172,IF(0=Element_Stiffness!$E$145,Element_Stiffness!AA172,0)),0)),0)+IF(Element_Stiffness!$C$181,IF(Element_Stiffness!$C$180=0,IF(0=Element_Stiffness!$C$180,Element_Stiffness!U201,IF(0=Element_Stiffness!$E$180,Element_Stiffness!AA201,0)),IF(Element_Stiffness!$E$180=0,IF(0=Element_Stiffness!$C$180,Element_Stiffness!U207,IF(0=Element_Stiffness!$E$180,Element_Stiffness!AA207,0)),0)),0)+IF(Element_Stiffness!$C$216,IF(Element_Stiffness!$C$215=0,IF(0=Element_Stiffness!$C$215,Element_Stiffness!U236,IF(0=Element_Stiffness!$E$215,Element_Stiffness!AA236,0)),IF(Element_Stiffness!$E$215=0,IF(0=Element_Stiffness!$C$215,Element_Stiffness!U242,IF(0=Element_Stiffness!$E$215,Element_Stiffness!AA242,0)),0)),0) | I5: =IF(Element_Stiffness!$C$6,IF(Element_Stiffness!$C$5=0,IF(1=Element_Stiffness!$C$5,Element_Stiffness!P26,IF(1=Element_Stiffness!$E$5,Element_Stiffness!V26,0)),IF(Element_Stiffness!$E$5=0,IF(1=Element_Stiffness!$C$5,Element_Stiffness!P32,IF(1=Element_Stiffness!$E$5,Element_Stiffness!V32,0)),0)),0)+IF(Element_Stiffness!$C$41,IF(Element_Stiffness!$C$40=0,IF(1=Element_Stiffness!$C$40,Element_Stiffness!P61,IF(1=Element_Stiffness!$E$40,Element_Stiffness!V61,0)),IF(Element_Stiffness!$E$40=0,IF(1=Element_Stiffness!$C$40,Element_Stiffness!P67,IF(1=Element_Stiffness!$E$40,Element_Stiffness!V67,0)),0)),0)+IF(Element_Stiffness!$C$76,IF(Element_Stiffness!$C$75=0,IF(1=Element_Stiffness!$C$75,Element_Stiffness!P96,IF(1=Element_Stiffness!$E$75,Element_Stiffness!V96,0)),IF(Element_Stiffness!$E$75=0,IF(1=Element_Stiffness!$C$75,Element_Stiffness!P102,IF(1=Element_Stiffness!$E$75,Element_Stiffness!V102,0)),0)),0)+IF(Element_Stiffness!$C$111,IF(Element_Stiffness!$C$110=0,IF(1=Element_Stiffness!$C$110,Element_Stiffness!P131,IF(1=Element_Stiffness!$E$110,Element_Stiffness!V131,0)),IF(Element_Stiffness!$E$110=0,IF(1=Element_Stiffness!$C$110,Element_Stiffness!P137,IF(1=Element_Stiffness!$E$110,Element_Stiffness!V137,0)),0)),0)+IF(Element_Stiffness!$C$146,IF(Element_Stiffness!$C$145=0,IF(1=Element_Stiffness!$C$145,Element_Stiffness!P166,IF(1=Element_Stiffness!$E$145,Element_Stiffness!V166,0)),IF(Element_Stiffness!$E$145=0,IF(1=Element_Stiffness!$C$145,Element_Stiffness!P172,IF(1=Element_Stiffness!$E$145,Element_Stiffness!V172,0)),0)),0)+IF(Element_Stiffness!$C$181,IF(Element_Stiffness!$C$180=0,IF(1=Element_Stiffness!$C$180,Element_Stiffness!P201,IF(1=Element_Stiffness!$E$180,Element_Stiffness!V201,0)),IF(Element_Stiffness!$E$180=0,IF(1=Element_Stiffness!$C$180,Element_Stiffness!P207,IF(1=Element_Stiffness!$E$180,Element_Stiffness!V207,0)),0)),0)+IF(Element_Stiffness!$C$216,IF(Element_Stiffness!$C$215=0,IF(1=Element_Stiffness!$C$215,Element_Stiffness!P236,IF(1=Element_Stiffness!$E$215,Element_Stiffness!V236,0)),IF(Element_Stiffness!$E$215=0,IF(1=Element_Stiffness!$C$215,Element_Stiffness!P242,IF(1=Element_Stiffness!$E$215,Element_Stiffness!V242,0)),0)),0) | J5: =IF(Element_Stiffness!$C$6,IF(Element_Stiffness!$C$5=0,IF(1=Element_Stiffness!$C$5,Element_Stiffness!Q26,IF(1=Element_Stiffness!$E$5,Element_Stiffness!W26,0)),IF(Element_Stiffness!$E$5=0,IF(1=Element_Stiffness!$C$5,Element_Stiffness!Q32,IF(1=Element_Stiffness!$E$5,Element_Stiffness!W32,0)),0)),0)+IF(Element_Stiffness!$C$41,IF(Element_Stiffness!$C$40=0,IF(1=Element_Stiffness!$C$40,Element_Stiffness!Q61,IF(1=Element_Stiffness!$E$40,Element_Stiffness!W61,0)),IF(Element_Stiffness!$E$40=0,IF(1=Element_Stiffness!$C$40,Element_Stiffness!Q67,IF(1=Element_Stiffness!$E$40,Element_Stiffness!W67,0)),0)),0)+IF(Element_Stiffness!$C$76,IF(Element_Stiffness!$C$75=0,IF(1=Element_Stiffness!$C$75,Element_Stiffness!Q96,IF(1=Element_Stiffness!$E$75,Element_Stiffness!W96,0)),IF(Element_Stiffness!$E$75=0,IF(1=Element_Stiffness!$C$75,Element_Stiffness!Q102,IF(1=Element_Stiffness!$E$75,Element_Stiffness!W102,0)),0)),0)+IF(Element_Stiffness!$C$111,IF(Element_Stiffness!$C$110=0,IF(1=Element_Stiffness!$C$110,Element_Stiffness!Q131,IF(1=Element_Stiffness!$E$110,Element_Stiffness!W131,0)),IF(Element_Stiffness!$E$110=0,IF(1=Element_Stiffness!$C$110,Element_Stiffness!Q137,IF(1=Element_Stiffness!$E$110,Element_Stiffness!W137,0)),0)),0)+IF(Element_Stiffness!$C$146,IF(Element_Stiffness!$C$145=0,IF(1=Element_Stiffness!$C$145,Element_Stiffness!Q166,IF(1=Element_Stiffness!$E$145,Element_Stiffness!W166,0)),IF(Element_Stiffness!$E$145=0,IF(1=Element_Stiffness!$C$145,Element_Stiffness!Q172,IF(1=Element_Stiffness!$E$145,Element_Stiffness!W172,0)),0)),0)+IF(Element_Stiffness!$C$181,IF(Element_Stiffness!$C$180=0,IF(1=Element_Stiffness!$C$180,Element_Stiffness!Q201,IF(1=Element_Stiffness!$E$180,Element_Stiffness!W201,0)),IF(Element_Stiffness!$E$180=0,IF(1=Element_Stiffness!$C$180,Element_Stiffness!Q207,IF(1=Element_Stiffness!$E$180,Element_Stiffness!W207,0)),0)),0)+IF(Element_Stiffness!$C$216,IF(Element_Stiffness!$C$215=0,IF(1=Element_Stiffness!$C$215,Element_Stiffness!Q236,IF(1=Element_Stiffness!$E$215,Element_Stiffness!W236,0)),IF(Element_Stiffness!$E$215=0,IF(1=Element_Stiffness!$C$215,Element_Stiffness!Q242,IF(1=Element_Stiffness!$E$215,Element_Stiffness!W242,0)),0)),0) | K5: =IF(Element_Stiffness!$C$6,IF(Element_Stiffness!$C$5=0,IF(1=Element_Stiffness!$C$5,Element_Stiffness!R26,IF(1=Element_Stiffness!$E$5,Element_Stiffness!X26,0)),IF(Element_Stiffness!$E$5=0,IF(1=Element_Stiffness!$C$5,Element_Stiffness!R32,IF(1=Element_Stiffness!$E$5,Element_Stiffness!X32,0)),0)),0)+IF(Element_Stiffness!$C$41,IF(Element_Stiffness!$C$40=0,IF(1=Element_Stiffness!$C$40,Element_Stiffness!R61,IF(1=Element_Stiffness!$E$40,Element_Stiffness!X61,0)),IF(Element_Stiffness!$E$40=0,IF(1=Element_Stiffness!$C$40,Element_Stiffness!R67,IF(1=Element_Stiffness!$E$40,Element_Stiffness!X67,0)),0)),0)+IF(Element_Stiffness!$C$76,IF(Element_Stiffness!$C$75=0,IF(1=Element_Stiffness!$C$75,Element_Stiffness!R96,IF(1=Element_Stiffness!$E$75,Element_Stiffness!X96,0)),IF(Element_Stiffness!$E$75=0,IF(1=Element_Stiffness!$C$75,Element_Stiffness!R102,IF(1=Element_Stiffness!$E$75,Element_Stiffness!X102,0)),0)),0)+IF(Element_Stiffness!$C$111,IF(Element_Stiffness!$C$110=0,IF(1=Element_Stiffness!$C$110,Element_Stiffness!R131,IF(1=Element_Stiffness!$E$110,Element_Stiffness!X131,0)),IF(Element_Stiffness!$E$110=0,IF(1=Element_Stiffness!$C$110,Element_Stiffness!R137,IF(1=Element_Stiffness!$E$110,Element_Stiffness!X137,0)),0)),0)+IF(Element_Stiffness!$C$146,IF(Element_Stiffness!$C$145=0,IF(1=Element_Stiffness!$C$145,Element_Stiffness!R166,IF(1=Element_Stiffness!$E$145,Element_Stiffness!X166,0)),IF(Element_Stiffness!$E$145=0,IF(1=Element_Stiffness!$C$145,Element_Stiffness!R172,IF(1=Element_Stiffness!$E$145,Element_Stiffness!X172,0)),0)),0)+IF(Element_Stiffness!$C$181,IF(Element_Stiffness!$C$180=0,IF(1=Element_Stiffness!$C$180,Element_Stiffness!R201,IF(1=Element_Stiffness!$E$180,Element_Stiffness!X201,0)),IF(Element_Stiffness!$E$180=0,IF(1=Element_Stiffness!$C$180,Element_Stiffness!R207,IF(1=Element_Stiffness!$E$180,Element_Stiffness!X207,0)),0)),0)+IF(Element_Stiffness!$C$216,IF(Element_Stiffness!$C$215=0,IF(1=Element_Stiffness!$C$215,Element_Stiffness!R236,IF(1=Element_Stiffness!$E$215,Element_Stiffness!X236,0)),IF(Element_Stiffness!$E$215=0,IF(1=Element_Stiffness!$C$215,Element_Stiffness!R242,IF(1=Element_Stiffness!$E$215,Element_Stiffness!X242,0)),0)),0) | L5: =IF(Element_Stiffness!$C$6,IF(Element_Stiffness!$C$5=0,IF(1=Element_Stiffness!$C$5,Element_Stiffness!S26,IF(1=Element_Stiffness!$E$5,Element_Stiffness!Y26,0)),IF(Element_Stiffness!$E$5=0,IF(1=Element_Stiffness!$C$5,Element_Stiffness!S32,IF(1=Element_Stiffness!$E$5,Element_Stiffness!Y32,0)),0)),0)+IF(Element_Stiffness!$C$41,IF(Element_Stiffness!$C$40=0,IF(1=Element_Stiffness!$C$40,Element_Stiffness!S61,IF(1=Element_Stiffness!$E$40,Element_Stiffness!Y61,0)),IF(Element_Stiffness!$E$40=0,IF(1=Element_Stiffness!$C$40,Element_Stiffness!S67,IF(1=Element_Stiffness!$E$40,Element_Stiffness!Y67,0)),0)),0)+IF(Element_Stiffness!$C$76,IF(Element_Stiffness!$C$75=0,IF(1=Element_Stiffness!$C$75,Element_Stiffness!S96,IF(1=Element_Stiffness!$E$75,Element_Stiffness!Y96,0)),IF(Element_Stiffness!$E$75=0,IF(1=Element_Stiffness!$C$75,Element_Stiffness!S102,IF(1=Element_Stiffness!$E$75,Element_Stiffness!Y102,0)),0)),0)+IF(Element_Stiffness!$C$111,IF(Element_Stiffness!$C$110=0,IF(1=Element_Stiffness!$C$110,Element_Stiffness!S131,IF(1=Element_Stiffness!$E$110,Element_Stiffness!Y131,0)),IF(Element_Stiffness!$E$110=0,IF(1=Element_Stiffness!$C$110,Element_Stiffness!S137,IF(1=Element_Stiffness!$E$110,Element_Stiffness!Y137,0)),0)),0)+IF(Element_Stiffness!$C$146,IF(Element_Stiffness!$C$145=0,IF(1=Element_Stiffness!$C$145,Element_Stiffness!S166,IF(1=Element_Stiffness!$E$145,Element_Stiffness!Y166,0)),IF(Element_Stiffness!$E$145=0,IF(1=Element_Stiffness!$C$145,Element_Stiffness!S172,IF(1=Element_Stiffness!$E$145,Element_Stiffness!Y172,0)),0)),0)+IF(Element_Stiffness!$C$181,IF(Element_Stiffness!$C$180=0,IF(1=Element_Stiffness!$C$180,Element_Stiffness!S201,IF(1=Element_Stiffness!$E$180,Element_Stiffness!Y201,0)),IF(Element_Stiffness!$E$180=0,IF(1=Element_Stiffness!$C$180,Element_Stiffness!S207,IF(1=Element_Stiffness!$E$180,Element_Stiffness!Y207,0)),0)),0)+IF(Element_Stiffness!$C$216,IF(Element_Stiffness!$C$215=0,IF(1=Element_Stiffness!$C$215,Element_Stiffness!S236,IF(1=Element_Stiffness!$E$215,Element_Stiffness!Y236,0)),IF(Element_Stiffness!$E$215=0,IF(1=Element_Stiffness!$C$215,Element_Stiffness!S242,IF(1=Element_Stiffness!$E$215,Element_Stiffness!Y242,0)),0)),0) | M5: =IF(Element_Stiffness!$C$6,IF(Element_Stiffness!$C$5=0,IF(1=Element_Stiffness!$C$5,Element_Stiffness!T26,IF(1=Element_Stiffness!$E$5,Element_Stiffness!Z26,0)),IF(Element_Stiffness!$E$5=0,IF(1=Element_Stiffness!$C$5,Element_Stiffness!T32,IF(1=Element_Stiffness!$E$5,Element_Stiffness!Z32,0)),0)),0)+IF(Element_Stiffness!$C$41,IF(Element_Stiffness!$C$40=0,IF(1=Element_Stiffness!$C$40,Element_Stiffness!T61,IF(1=Element_Stiffness!$E$40,Element_Stiffness!Z61,0)),IF(Element_Stiffness!$E$40=0,IF(1=Element_Stiffness!$C$40,Element_Stiffness!T67,IF(1=Element_Stiffness!$E$40,Element_Stiffness!Z67,0)),0)),0)+IF(Element_Stiffness!$C$76,IF(Element_Stiffness!$C$75=0,IF(1=Element_Stiffness!$C$75,Element_Stiffness!T96,IF(1=Element_Stiffness!$E$75,Element_Stiffness!Z96,0)),IF(Element_Stiffness!$E$75=0,IF(1=Element_Stiffness!$C$75,Element_Stiffness!T102,IF(1=Element_Stiffness!$E$75,Element_Stiffness!Z102,0)),0)),0)+IF(Element_Stiffness!$C$111,IF(Element_Stiffness!$C$110=0,IF(1=Element_Stiffness!$C$110,Element_Stiffness!T131,IF(1=Element_Stiffness!$E$110,Element_Stiffness!Z131,0)),IF(Element_Stiffness!$E$110=0,IF(1=Element_Stiffness!$C$110,Element_Stiffness!T137,IF(1=Element_Stiffness!$E$110,Element_Stiffness!Z137,0)),0)),0)+IF(Element_Stiffness!$C$146,IF(Element_Stiffness!$C$145=0,IF(1=Element_Stiffness!$C$145,Element_Stiffness!T166,IF(1=Element_Stiffness!$E$145,Element_Stiffness!Z166,0)),IF(Element_Stiffness!$E$145=0,IF(1=Element_Stiffness!$C$145,Element_Stiffness!T172,IF(1=Element_Stiffness!$E$145,Element_Stiffness!Z172,0)),0)),0)+IF(Element_Stiffness!$C$181,IF(Element_Stiffness!$C$180=0,IF(1=Element_Stiffness!$C$180,Element_Stiffness!T201,IF(1=Element_Stiffness!$E$180,Element_Stiffness!Z201,0)),IF(Element_Stiffness!$E$180=0,IF(1=Element_Stiffness!$C$180,Element_Stiffness!T207,IF(1=Element_Stiffness!$E$180,Element_Stiffness!Z207,0)),0)),0)+IF(Element_Stiffness!$C$216,IF(Element_Stiffness!$C$215=0,IF(1=Element_Stiffness!$C$215,Element_Stiffness!T236,IF(1=Element_Stiffness!$E$215,Element_Stiffness!Z236,0)),IF(Element_Stiffness!$E$215=0,IF(1=Element_Stiffness!$C$215,Element_Stiffness!T242,IF(1=Element_Stiffness!$E$215,Element_Stiffness!Z242,0)),0)),0) | N5: =IF(Element_Stiffness!$C$6,IF(Element_Stiffness!$C$5=0,IF(1=Element_Stiffness!$C$5,Element_Stiffness!U26,IF(1=Element_Stiffness!$E$5,Element_Stiffness!AA26,0)),IF(Element_Stiffness!$E$5=0,IF(1=Element_Stiffness!$C$5,Element_Stiffness!U32,IF(1=Element_Stiffness!$E$5,Element_Stiffness!AA32,0)),0)),0)+IF(Element_Stiffness!$C$41,IF(Element_Stiffness!$C$40=0,IF(1=Element_Stiffness!$C$40,Element_Stiffness!U61,IF(1=Element_Stiffness!$E$40,Element_Stiffness!AA61,0)),IF(Element_Stiffness!$E$40=0,IF(1=Element_Stiffness!$C$40,Element_Stiffness!U67,IF(1=Element_Stiffness!$E$40,Element_Stiffness!AA67,0)),0)),0)+IF(Element_Stiffness!$C$76,IF(Element_Stiffness!$C$75=0,IF(1=Element_Stiffness!$C$75,Element_Stiffness!U96,IF(1=Element_Stiffness!$E$75,Element_Stiffness!AA96,0)),IF(Element_Stiffness!$E$75=0,IF(1=Element_Stiffness!$C$75,Element_Stiffness!U102,IF(1=Element_Stiffness!$E$75,Element_Stiffness!AA102,0)),0)),0)+IF(Element_Stiffness!$C$111,IF(Element_Stiffness!$C$110=0,IF(1=Element_Stiffness!$C$110,Element_Stiffness!U131,IF(1=Element_Stiffness!$E$110,Element_Stiffness!AA131,0)),IF(Element_Stiffness!$E$110=0,IF(1=Element_Stiffness!$C$110,Element_Stiffness!U137,IF(1=Element_Stiffness!$E$110,Element_Stiffness!AA137,0)),0)),0)+IF(Element_Stiffness!$C$146,IF(Element_Stiffness!$C$145=0,IF(1=Element_Stiffness!$C$145,Element_Stiffness!U166,IF(1=Element_Stiffness!$E$145,Element_Stiffness!AA166,0)),IF(Element_Stiffness!$E$145=0,IF(1=Element_Stiffness!$C$145,Element_Stiffness!U172,IF(1=Element_Stiffness!$E$145,Element_Stiffness!AA172,0)),0)),0)+IF(Element_Stiffness!$C$181,IF(Element_Stiffness!$C$180=0,IF(1=Element_Stiffness!$C$180,Element_Stiffness!U201,IF(1=Element_Stiffness!$E$180,Element_Stiffness!AA201,0)),IF(Element_Stiffness!$E$180=0,IF(1=Element_Stiffness!$C$180,Element_Stiffness!U207,IF(1=Element_Stiffness!$E$180,Element_Stiffness!AA207,0)),0)),0)+IF(Element_Stiffness!$C$216,IF(Element_Stiffness!$C$215=0,IF(1=Element_Stiffness!$C$215,Element_Stiffness!U236,IF(1=Element_Stiffness!$E$215,Element_Stiffness!AA236,0)),IF(Element_Stiffness!$E$215=0,IF(1=Element_Stiffness!$C$215,Element_Stiffness!U242,IF(1=Element_Stiffness!$E$215,Element_Stiffness!AA242,0)),0)),0) | O5: =IF(Element_Stiffness!$C$6,IF(Element_Stiffness!$C$5=0,IF(2=Element_Stiffness!$C$5,Element_Stiffness!P26,IF(2=Element_Stiffness!$E$5,Element_Stiffness!V26,0)),IF(Element_Stiffness!$E$5=0,IF(2=Element_Stiffness!$C$5,Element_Stiffness!P32,IF(2=Element_Stiffness!$E$5,Element_Stiffness!V32,0)),0)),0)+IF(Element_Stiffness!$C$41,IF(Element_Stiffness!$C$40=0,IF(2=Element_Stiffness!$C$40,Element_Stiffness!P61,IF(2=Element_Stiffness!$E$40,Element_Stiffness!V61,0)),IF(Element_Stiffness!$E$40=0,IF(2=Element_Stiffness!$C$40,Element_Stiffness!P67,IF(2=Element_Stiffness!$E$40,Element_Stiffness!V67,0)),0)),0)+IF(Element_Stiffness!$C$76,IF(Element_Stiffness!$C$75=0,IF(2=Element_Stiffness!$C$75,Element_Stiffness!P96,IF(2=Element_Stiffness!$E$75,Element_Stiffness!V96,0)),IF(Element_Stiffness!$E$75=0,IF(2=Element_Stiffness!$C$75,Element_Stiffness!P102,IF(2=Element_Stiffness!$E$75,Element_Stiffness!V102,0)),0)),0)+IF(Element_Stiffness!$C$111,IF(Element_Stiffness!$C$110=0,IF(2=Element_Stiffness!$C$110,Element_Stiffness!P131,IF(2=Element_Stiffness!$E$110,Element_Stiffness!V131,0)),IF(Element_Stiffness!$E$110=0,IF(2=Element_Stiffness!$C$110,Element_Stiffness!P137,IF(2=Element_Stiffness!$E$110,Element_Stiffness!V137,0)),0)),0)+IF(Element_Stiffness!$C$146,IF(Element_Stiffness!$C$145=0,IF(2=Element_Stiffness!$C$145,Element_Stiffness!P166,IF(2=Element_Stiffness!$E$145,Element_Stiffness!V166,0)),IF(Element_Stiffness!$E$145=0,IF(2=Element_Stiffness!$C$145,Element_Stiffness!P172,IF(2=Element_Stiffness!$E$145,Element_Stiffness!V172,0)),0)),0)+IF(Element_Stiffness!$C$181,IF(Element_Stiffness!$C$180=0,IF(2=Element_Stiffness!$C$180,Element_Stiffness!P201,IF(2=Element_Stiffness!$E$180,Element_Stiffness!V201,0)),IF(Element_Stiffness!$E$180=0,IF(2=Element_Stiffness!$C$180,Element_Stiffness!P207,IF(2=Element_Stiffness!$E$180,Element_Stiffness!V207,0)),0)),0)+IF(Element_Stiffness!$C$216,IF(Element_Stiffness!$C$215=0,IF(2=Element_Stiffness!$C$215,Element_Stiffness!P236,IF(2=Element_Stiffness!$E$215,Element_Stiffness!V236,0)),IF(Element_Stiffness!$E$215=0,IF(2=Element_Stiffness!$C$215,Element_Stiffness!P242,IF(2=Element_Stiffness!$E$215,Element_Stiffness!V242,0)),0)),0) | P5: =IF(Element_Stiffness!$C$6,IF(Element_Stiffness!$C$5=0,IF(2=Element_Stiffness!$C$5,Element_Stiffness!Q26,IF(2=Element_Stiffness!$E$5,Element_Stiffness!W26,0)),IF(Element_Stiffness!$E$5=0,IF(2=Element_Stiffness!$C$5,Element_Stiffness!Q32,IF(2=Element_Stiffness!$E$5,Element_Stiffness!W32,0)),0)),0)+IF(Element_Stiffness!$C$41,IF(Element_Stiffness!$C$40=0,IF(2=Element_Stiffness!$C$40,Element_Stiffness!Q61,IF(2=Element_Stiffness!$E$40,Element_Stiffness!W61,0)),IF(Element_Stiffness!$E$40=0,IF(2=Element_Stiffness!$C$40,Element_Stiffness!Q67,IF(2=Element_Stiffness!$E$40,Element_Stiffness!W67,0)),0)),0)+IF(Element_Stiffness!$C$76,IF(Element_Stiffness!$C$75=0,IF(2=Element_Stiffness!$C$75,Element_Stiffness!Q96,IF(2=Element_Stiffness!$E$75,Element_Stiffness!W96,0)),IF(Element_Stiffness!$E$75=0,IF(2=Element_Stiffness!$C$75,Element_Stiffness!Q102,IF(2=Element_Stiffness!$E$75,Element_Stiffness!W102,0)),0)),0)+IF(Element_Stiffness!$C$111,IF(Element_Stiffness!$C$110=0,IF(2=Element_Stiffness!$C$110,Element_Stiffness!Q131,IF(2=Element_Stiffness!$E$110,Element_Stiffness!W131,0)),IF(Element_Stiffness!$E$110=0,IF(2=Element_Stiffness!$C$110,Element_Stiffness!Q137,IF(2=Element_Stiffness!$E$110,Element_Stiffness!W137,0)),0)),0)+IF(Element_Stiffness!$C$146,IF(Element_Stiffness!$C$145=0,IF(2=Element_Stiffness!$C$145,Element_Stiffness!Q166,IF(2=Element_Stiffness!$E$145,Element_Stiffness!W166,0)),IF(Element_Stiffness!$E$145=0,IF(2=Element_Stiffness!$C$145,Element_Stiffness!Q172,IF(2=Element_Stiffness!$E$145,Element_Stiffness!W172,0)),0)),0)+IF(Element_Stiffness!$C$181,IF(Element_Stiffness!$C$180=0,IF(2=Element_Stiffness!$C$180,Element_Stiffness!Q201,IF(2=Element_Stiffness!$E$180,Element_Stiffness!W201,0)),IF(Element_Stiffness!$E$180=0,IF(2=Element_Stiffness!$C$180,Element_Stiffness!Q207,IF(2=Element_Stiffness!$E$180,Element_Stiffness!W207,0)),0)),0)+IF(Element_Stiffness!$C$216,IF(Element_Stiffness!$C$215=0,IF(2=Element_Stiffness!$C$215,Element_Stiffness!Q236,IF(2=Element_Stiffness!$E$215,Element_Stiffness!W236,0)),IF(Element_Stiffness!$E$215=0,IF(2=Element_Stiffness!$C$215,Element_Stiffness!Q242,IF(2=Element_Stiffness!$E$215,Element_Stiffness!W242,0)),0)),0) | Q5: =IF(Element_Stiffness!$C$6,IF(Element_Stiffness!$C$5=0,IF(2=Element_Stiffness!$C$5,Element_Stiffness!R26,IF(2=Element_Stiffness!$E$5,Element_Stiffness!X26,0)),IF(Element_Stiffness!$E$5=0,IF(2=Element_Stiffness!$C$5,Element_Stiffness!R32,IF(2=Element_Stiffness!$E$5,Element_Stiffness!X32,0)),0)),0)+IF(Element_Stiffness!$C$41,IF(Element_Stiffness!$C$40=0,IF(2=Element_Stiffness!$C$40,Element_Stiffness!R61,IF(2=Element_Stiffness!$E$40,Element_Stiffness!X61,0)),IF(Element_Stiffness!$E$40=0,IF(2=Element_Stiffness!$C$40,Element_Stiffness!R67,IF(2=Element_Stiffness!$E$40,Element_Stiffness!X67,0)),0)),0)+IF(Element_Stiffness!$C$76,IF(Element_Stiffness!$C$75=0,IF(2=Element_Stiffness!$C$75,Element_Stiffness!R96,IF(2=Element_Stiffness!$E$75,Element_Stiffness!X96,0)),IF(Element_Stiffness!$E$75=0,IF(2=Element_Stiffness!$C$75,Element_Stiffness!R102,IF(2=Element_Stiffness!$E$75,Element_Stiffness!X102,0)),0)),0)+IF(Element_Stiffness!$C$111,IF(Element_Stiffness!$C$110=0,IF(2=Element_Stiffness!$C$110,Element_Stiffness!R131,IF(2=Element_Stiffness!$E$110,Element_Stiffness!X131,0)),IF(Element_Stiffness!$E$110=0,IF(2=Element_Stiffness!$C$110,Element_Stiffness!R137,IF(2=Element_Stiffness!$E$110,Element_Stiffness!X137,0)),0)),0)+IF(Element_Stiffness!$C$146,IF(Element_Stiffness!$C$145=0,IF(2=Element_Stiffness!$C$145,Element_Stiffness!R166,IF(2=Element_Stiffness!$E$145,Element_Stiffness!X166,0)),IF(Element_Stiffness!$E$145=0,IF(2=Element_Stiffness!$C$145,Element_Stiffness!R172,IF(2=Element_Stiffness!$E$145,Element_Stiffness!X172,0)),0)),0)+IF(Element_Stiffness!$C$181,IF(Element_Stiffness!$C$180=0,IF(2=Element_Stiffness!$C$180,Element_Stiffness!R201,IF(2=Element_Stiffness!$E$180,Element_Stiffness!X201,0)),IF(Element_Stiffness!$E$180=0,IF(2=Element_Stiffness!$C$180,Element_Stiffness!R207,IF(2=Element_Stiffness!$E$180,Element_Stiffness!X207,0)),0)),0)+IF(Element_Stiffness!$C$216,IF(Element_Stiffness!$C$215=0,IF(2=Element_Stiffness!$C$215,Element_Stiffness!R236,IF(2=Element_Stiffness!$E$215,Element_Stiffness!X236,0)),IF(Element_Stiffness!$E$215=0,IF(2=Element_Stiffness!$C$215,Element_Stiffness!R242,IF(2=Element_Stiffness!$E$215,Element_Stiffness!X242,0)),0)),0) | R5: =IF(Element_Stiffness!$C$6,IF(Element_Stiffness!$C$5=0,IF(2=Element_Stiffness!$C$5,Element_Stiffness!S26,IF(2=Element_Stiffness!$E$5,Element_Stiffness!Y26,0)),IF(Element_Stiffness!$E$5=0,IF(2=Element_Stiffness!$C$5,Element_Stiffness!S32,IF(2=Element_Stiffness!$E$5,Element_Stiffness!Y32,0)),0)),0)+IF(Element_Stiffness!$C$41,IF(Element_Stiffness!$C$40=0,IF(2=Element_Stiffness!$C$40,Element_Stiffness!S61,IF(2=Element_Stiffness!$E$40,Element_Stiffness!Y61,0)),IF(Element_Stiffness!$E$40=0,IF(2=Element_Stiffness!$C$40,Element_Stiffness!S67,IF(2=Element_Stiffness!$E$40,Element_Stiffness!Y67,0)),0)),0)+IF(Element_Stiffness!$C$76,IF(Element_Stiffness!$C$75=0,IF(2=Element_Stiffness!$C$75,Element_Stiffness!S96,IF(2=Element_Stiffness!$E$75,Element_Stiffness!Y96,0)),IF(Element_Stiffness!$E$75=0,IF(2=Element_Stiffness!$C$75,Element_Stiffness!S102,IF(2=Element_Stiffness!$E$75,Element_Stiffness!Y102,0)),0)),0)+IF(Element_Stiffness!$C$111,IF(Element_Stiffness!$C$110=0,IF(2=Element_Stiffness!$C$110,Element_Stiffness!S131,IF(2=Element_Stiffness!$E$110,Element_Stiffness!Y131,0)),IF(Element_Stiffness!$E$110=0,IF(2=Element_Stiffness!$C$110,Element_Stiffness!S137,IF(2=Element_Stiffness!$E$110,Element_Stiffness!Y137,0)),0)),0)+IF(Element_Stiffness!$C$146,IF(Element_Stiffness!$C$145=0,IF(2=Element_Stiffness!$C$145,Element_Stiffness!S166,IF(2=Element_Stiffness!$E$145,Element_Stiffness!Y166,0)),IF(Element_Stiffness!$E$145=0,IF(2=Element_Stiffness!$C$145,Element_Stiffness!S172,IF(2=Element_Stiffness!$E$145,Element_Stiffness!Y172,0)),0)),0)+IF(Element_Stiffness!$C$181,IF(Element_Stiffness!$C$180=0,IF(2=Element_Stiffness!$C$180,Element_Stiffness!S201,IF(2=Element_Stiffness!$E$180,Element_Stiffness!Y201,0)),IF(Element_Stiffness!$E$180=0,IF(2=Element_Stiffness!$C$180,Element_Stiffness!S207,IF(2=Element_Stiffness!$E$180,Element_Stiffness!Y207,0)),0)),0)+IF(Element_Stiffness!$C$216,IF(Element_Stiffness!$C$215=0,IF(2=Element_Stiffness!$C$215,Element_Stiffness!S236,IF(2=Element_Stiffness!$E$215,Element_Stiffness!Y236,0)),IF(Element_Stiffness!$E$215=0,IF(2=Element_Stiffness!$C$215,Element_Stiffness!S242,IF(2=Element_Stiffness!$E$215,Element_Stiffness!Y242,0)),0)),0) | S5: =IF(Element_Stiffness!$C$6,IF(Element_Stiffness!$C$5=0,IF(2=Element_Stiffness!$C$5,Element_Stiffness!T26,IF(2=Element_Stiffness!$E$5,Element_Stiffness!Z26,0)),IF(Element_Stiffness!$E$5=0,IF(2=Element_Stiffness!$C$5,Element_Stiffness!T32,IF(2=Element_Stiffness!$E$5,Element_Stiffness!Z32,0)),0)),0)+IF(Element_Stiffness!$C$41,IF(Element_Stiffness!$C$40=0,IF(2=Element_Stiffness!$C$40,Element_Stiffness!T61,IF(2=Element_Stiffness!$E$40,Element_Stiffness!Z61,0)),IF(Element_Stiffness!$E$40=0,IF(2=Element_Stiffness!$C$40,Element_Stiffness!T67,IF(2=Element_Stiffness!$E$40,Element_Stiffness!Z67,0)),0)),0)+IF(Element_Stiffness!$C$76,IF(Element_Stiffness!$C$75=0,IF(2=Element_Stiffness!$C$75,Element_Stiffness!T96,IF(2=Element_Stiffness!$E$75,Element_Stiffness!Z96,0)),IF(Element_Stiffness!$E$75=0,IF(2=Element_Stiffness!$C$75,Element_Stiffness!T102,IF(2=Element_Stiffness!$E$75,Element_Stiffness!Z102,0)),0)),0)+IF(Element_Stiffness!$C$111,IF(Element_Stiffness!$C$110=0,IF(2=Element_Stiffness!$C$110,Element_Stiffness!T131,IF(2=Element_Stiffness!$E$110,Element_Stiffness!Z131,0)),IF(Element_Stiffness!$E$110=0,IF(2=Element_Stiffness!$C$110,Element_Stiffness!T137,IF(2=Element_Stiffness!$E$110,Element_Stiffness!Z137,0)),0)),0)+IF(Element_Stiffness!$C$146,IF(Element_Stiffness!$C$145=0,IF(2=Element_Stiffness!$C$145,Element_Stiffness!T166,IF(2=Element_Stiffness!$E$145,Element_Stiffness!Z166,0)),IF(Element_Stiffness!$E$145=0,IF(2=Element_Stiffness!$C$145,Element_Stiffness!T172,IF(2=Element_Stiffness!$E$145,Element_Stiffness!Z172,0)),0)),0)+IF(Element_Stiffness!$C$181,IF(Element_Stiffness!$C$180=0,IF(2=Element_Stiffness!$C$180,Element_Stiffness!T201,IF(2=Element_Stiffness!$E$180,Element_Stiffness!Z201,0)),IF(Element_Stiffness!$E$180=0,IF(2=Element_Stiffness!$C$180,Element_Stiffness!T207,IF(2=Element_Stiffness!$E$180,Element_Stiffness!Z207,0)),0)),0)+IF(Element_Stiffness!$C$216,IF(Element_Stiffness!$C$215=0,IF(2=Element_Stiffness!$C$215,Element_Stiffness!T236,IF(2=Element_Stiffness!$E$215,Element_Stiffness!Z236,0)),IF(Element_Stiffness!$E$215=0,IF(2=Element_Stiffness!$C$215,Element_Stiffness!T242,IF(2=Element_Stiffness!$E$215,Element_Stiffness!Z242,0)),0)),0) | T5: =IF(Element_Stiffness!$C$6,IF(Element_Stiffness!$C$5=0,IF(2=Element_Stiffness!$C$5,Element_Stiffness!U26,IF(2=Element_Stiffness!$E$5,Element_Stiffness!AA26,0)),IF(Element_Stiffness!$E$5=0,IF(2=Element_Stiffness!$C$5,Element_Stiffness!U32,IF(2=Element_Stiffness!$E$5,Element_Stiffness!AA32,0)),0)),0)+IF(Element_Stiffness!$C$41,IF(Element_Stiffness!$C$40=0,IF(2=Element_Stiffness!$C$40,Element_Stiffness!U61,IF(2=Element_Stiffness!$E$40,Element_Stiffness!AA61,0)),IF(Element_Stiffness!$E$40=0,IF(2=Element_Stiffness!$C$40,Element_Stiffness!U67,IF(2=Element_Stiffness!$E$40,Element_Stiffness!AA67,0)),0)),0)+IF(Element_Stiffness!$C$76,IF(Element_Stiffness!$C$75=0,IF(2=Element_Stiffness!$C$75,Element_Stiffness!U96,IF(2=Element_Stiffness!$E$75,Element_Stiffness!AA96,0)),IF(Element_Stiffness!$E$75=0,IF(2=Element_Stiffness!$C$75,Element_Stiffness!U102,IF(2=Element_Stiffness!$E$75,Element_Stiffness!AA102,0)),0)),0)+IF(Element_Stiffness!$C$111,IF(Element_Stiffness!$C$110=0,IF(2=Element_Stiffness!$C$110,Element_Stiffness!U131,IF(2=Element_Stiffness!$E$110,Element_Stiffness!AA131,0)),IF(Element_Stiffness!$E$110=0,IF(2=Element_Stiffness!$C$110,Element_Stiffness!U137,IF(2=Element_Stiffness!$E$110,Element_Stiffness!AA137,0)),0)),0)+IF(Element_Stiffness!$C$146,IF(Element_Stiffness!$C$145=0,IF(2=Element_Stiffness!$C$145,Element_Stiffness!U166,IF(2=Element_Stiffness!$E$145,Element_Stiffness!AA166,0)),IF(Element_Stiffness!$E$145=0,IF(2=Element_Stiffness!$C$145,Element_Stiffness!U172,IF(2=Element_Stiffness!$E$145,Element_Stiffness!AA172,0)),0)),0)+IF(Element_Stiffness!$C$181,IF(Element_Stiffness!$C$180=0,IF(2=Element_Stiffness!$C$180,Element_Stiffness!U201,IF(2=Element_Stiffness!$E$180,Element_Stiffness!AA201,0)),IF(Element_Stiffness!$E$180=0,IF(2=Element_Stiffness!$C$180,Element_Stiffness!U207,IF(2=Element_Stiffness!$E$180,Element_Stiffness!AA207,0)),0)),0)+IF(Element_Stiffness!$C$216,IF(Element_Stiffness!$C$215=0,IF(2=Element_Stiffness!$C$215,Element_Stiffness!U236,IF(2=Element_Stiffness!$E$215,Element_Stiffness!AA236,0)),IF(Element_Stiffness!$E$215=0,IF(2=Element_Stiffness!$C$215,Element_Stiffness!U242,IF(2=Element_Stiffness!$E$215,Element_Stiffness!AA242,0)),0)),0) | U5: =IF(Element_Stiffness!$C$6,IF(Element_Stiffness!$C$5=0,IF(3=Element_Stiffness!$C$5,Element_Stiffness!P26,IF(3=Element_Stiffness!$E$5,Element_Stiffness!V26,0)),IF(Element_Stiffness!$E$5=0,IF(3=Element_Stiffness!$C$5,Element_Stiffness!P32,IF(3=Element_Stiffness!$E$5,Element_Stiffness!V32,0)),0)),0)+IF(Element_Stiffness!$C$41,IF(Element_Stiffness!$C$40=0,IF(3=Element_Stiffness!$C$40,Element_Stiffness!P61,IF(3=Element_Stiffness!$E$40,Element_Stiffness!V61,0)),IF(Element_Stiffness!$E$40=0,IF(3=Element_Stiffness!$C$40,Element_Stiffness!P67,IF(3=Element_Stiffness!$E$40,Element_Stiffness!V67,0)),0)),0)+IF(Element_Stiffness!$C$76,IF(Element_Stiffness!$C$75=0,IF(3=Element_Stiffness!$C$75,Element_Stiffness!P96,IF(3=Element_Stiffness!$E$75,Element_Stiffness!V96,0)),IF(Element_Stiffness!$E$75=0,IF(3=Element_Stiffness!$C$75,Element_Stiffness!P102,IF(3=Element_Stiffness!$E$75,Element_Stiffness!V102,0)),0)),0)+IF(Element_Stiffness!$C$111,IF(Element_Stiffness!$C$110=0,IF(3=Element_Stiffness!$C$110,Element_Stiffness!P131,IF(3=Element_Stiffness!$E$110,Element_Stiffness!V131,0)),IF(Element_Stiffness!$E$110=0,IF(3=Element_Stiffness!$C$110,Element_Stiffness!P137,IF(3=Element_Stiffness!$E$110,Element_Stiffness!V137,0)),0)),0)+IF(Element_Stiffness!$C$146,IF(Element_Stiffness!$C$145=0,IF(3=Element_Stiffness!$C$145,Element_Stiffness!P166,IF(3=Element_Stiffness!$E$145,Element_Stiffness!V166,0)),IF(Element_Stiffness!$E$145=0,IF(3=Element_Stiffness!$C$145,Element_Stiffness!P172,IF(3=Element_Stiffness!$E$145,Element_Stiffness!V172,0)),0)),0)+IF(Element_Stiffness!$C$181,IF(Element_Stiffness!$C$180=0,IF(3=Element_Stiffness!$C$180,Element_Stiffness!P201,IF(3=Element_Stiffness!$E$180,Element_Stiffness!V201,0)),IF(Element_Stiffness!$E$180=0,IF(3=Element_Stiffness!$C$180,Element_Stiffness!P207,IF(3=Element_Stiffness!$E$180,Element_Stiffness!V207,0)),0)),0)+IF(Element_Stiffness!$C$216,IF(Element_Stiffness!$C$215=0,IF(3=Element_Stiffness!$C$215,Element_Stiffness!P236,IF(3=Element_Stiffness!$E$215,Element_Stiffness!V236,0)),IF(Element_Stiffness!$E$215=0,IF(3=Element_Stiffness!$C$215,Element_Stiffness!P242,IF(3=Element_Stiffness!$E$215,Element_Stiffness!V242,0)),0)),0) | V5: =IF(Element_Stiffness!$C$6,IF(Element_Stiffness!$C$5=0,IF(3=Element_Stiffness!$C$5,Element_Stiffness!Q26,IF(3=Element_Stiffness!$E$5,Element_Stiffness!W26,0)),IF(Element_Stiffness!$E$5=0,IF(3=Element_Stiffness!$C$5,Element_Stiffness!Q32,IF(3=Element_Stiffness!$E$5,Element_Stiffness!W32,0)),0)),0)+IF(Element_Stiffness!$C$41,IF(Element_Stiffness!$C$40=0,IF(3=Element_Stiffness!$C$40,Element_Stiffness!Q61,IF(3=Element_Stiffness!$E$40,Element_Stiffness!W61,0)),IF(Element_Stiffness!$E$40=0,IF(3=Element_Stiffness!$C$40,Element_Stiffness!Q67,IF(3=Element_Stiffness!$E$40,Element_Stiffness!W67,0)),0)),0)+IF(Element_Stiffness!$C$76,IF(Element_Stiffness!$C$75=0,IF(3=Element_Stiffness!$C$75,Element_Stiffness!Q96,IF(3=Element_Stiffness!$E$75,Element_Stiffness!W96,0)),IF(Element_Stiffness!$E$75=0,IF(3=Element_Stiffness!$C$75,Element_Stiffness!Q102,IF(3=Element_Stiffness!$E$75,Element_Stiffness!W102,0)),0)),0)+IF(Element_Stiffness!$C$111,IF(Element_Stiffness!$C$110=0,IF(3=Element_Stiffness!$C$110,Element_Stiffness!Q131,IF(3=Element_Stiffness!$E$110,Element_Stiffness!W131,0)),IF(Element_Stiffness!$E$110=0,IF(3=Element_Stiffness!$C$110,Element_Stiffness!Q137,IF(3=Element_Stiffness!$E$110,Element_Stiffness!W137,0)),0)),0)+IF(Element_Stiffness!$C$146,IF(Element_Stiffness!$C$145=0,IF(3=Element_Stiffness!$C$145,Element_Stiffness!Q166,IF(3=Element_Stiffness!$E$145,Element_Stiffness!W166,0)),IF(Element_Stiffness!$E$145=0,IF(3=Element_Stiffness!$C$145,Element_Stiffness!Q172,IF(3=Element_Stiffness!$E$145,Element_Stiffness!W172,0)),0)),0)+IF(Element_Stiffness!$C$181,IF(Element_Stiffness!$C$180=0,IF(3=Element_Stiffness!$C$180,Element_Stiffness!Q201,IF(3=Element_Stiffness!$E$180,Element_Stiffness!W201,0)),IF(Element_Stiffness!$E$180=0,IF(3=Element_Stiffness!$C$180,Element_Stiffness!Q207,IF(3=Element_Stiffness!$E$180,Element_Stiffness!W207,0)),0)),0)+IF(Element_Stiffness!$C$216,IF(Element_Stiffness!$C$215=0,IF(3=Element_Stiffness!$C$215,Element_Stiffness!Q236,IF(3=Element_Stiffness!$E$215,Element_Stiffness!W236,0)),IF(Element_Stiffness!$E$215=0,IF(3=Element_Stiffness!$C$215,Element_Stiffness!Q242,IF(3=Element_Stiffness!$E$215,Element_Stiffness!W242,0)),0)),0) | W5: =IF(Element_Stiffness!$C$6,IF(Element_Stiffness!$C$5=0,IF(3=Element_Stiffness!$C$5,Element_Stiffness!R26,IF(3=Element_Stiffness!$E$5,Element_Stiffness!X26,0)),IF(Element_Stiffness!$E$5=0,IF(3=Element_Stiffness!$C$5,Element_Stiffness!R32,IF(3=Element_Stiffness!$E$5,Element_Stiffness!X32,0)),0)),0)+IF(Element_Stiffness!$C$41,IF(Element_Stiffness!$C$40=0,IF(3=Element_Stiffness!$C$40,Element_Stiffness!R61,IF(3=Element_Stiffness!$E$40,Element_Stiffness!X61,0)),IF(Element_Stiffness!$E$40=0,IF(3=Element_Stiffness!$C$40,Element_Stiffness!R67,IF(3=Element_Stiffness!$E$40,Element_Stiffness!X67,0)),0)),0)+IF(Element_Stiffness!$C$76,IF(Element_Stiffness!$C$75=0,IF(3=Element_Stiffness!$C$75,Element_Stiffness!R96,IF(3=Element_Stiffness!$E$75,Element_Stiffness!X96,0)),IF(Element_Stiffness!$E$75=0,IF(3=Element_Stiffness!$C$75,Element_Stiffness!R102,IF(3=Element_Stiffness!$E$75,Element_Stiffness!X102,0)),0)),0)+IF(Element_Stiffness!$C$111,IF(Element_Stiffness!$C$110=0,IF(3=Element_Stiffness!$C$110,Element_Stiffness!R131,IF(3=Element_Stiffness!$E$110,Element_Stiffness!X131,0)),IF(Element_Stiffness!$E$110=0,IF(3=Element_Stiffness!$C$110,Element_Stiffness!R137,IF(3=Element_Stiffness!$E$110,Element_Stiffness!X137,0)),0)),0)+IF(Element_Stiffness!$C$146,IF(Element_Stiffness!$C$145=0,IF(3=Element_Stiffness!$C$145,Element_Stiffness!R166,IF(3=Element_Stiffness!$E$145,Element_Stiffness!X166,0)),IF(Element_Stiffness!$E$145=0,IF(3=Element_Stiffness!$C$145,Element_Stiffness!R172,IF(3=Element_Stiffness!$E$145,Element_Stiffness!X172,0)),0)),0)+IF(Element_Stiffness!$C$181,IF(Element_Stiffness!$C$180=0,IF(3=Element_Stiffness!$C$180,Element_Stiffness!R201,IF(3=Element_Stiffness!$E$180,Element_Stiffness!X201,0)),IF(Element_Stiffness!$E$180=0,IF(3=Element_Stiffness!$C$180,Element_Stiffness!R207,IF(3=Element_Stiffness!$E$180,Element_Stiffness!X207,0)),0)),0)+IF(Element_Stiffness!$C$216,IF(Element_Stiffness!$C$215=0,IF(3=Element_Stiffness!$C$215,Element_Stiffness!R236,IF(3=Element_Stiffness!$E$215,Element_Stiffness!X236,0)),IF(Element_Stiffness!$E$215=0,IF(3=Element_Stiffness!$C$215,Element_Stiffness!R242,IF(3=Element_Stiffness!$E$215,Element_Stiffness!X242,0)),0)),0) | X5: =IF(Element_Stiffness!$C$6,IF(Element_Stiffness!$C$5=0,IF(3=Element_Stiffness!$C$5,Element_Stiffness!S26,IF(3=Element_Stiffness!$E$5,Element_Stiffness!Y26,0)),IF(Element_Stiffness!$E$5=0,IF(3=Element_Stiffness!$C$5,Element_Stiffness!S32,IF(3=Element_Stiffness!$E$5,Element_Stiffness!Y32,0)),0)),0)+IF(Element_Stiffness!$C$41,IF(Element_Stiffness!$C$40=0,IF(3=Element_Stiffness!$C$40,Element_Stiffness!S61,IF(3=Element_Stiffness!$E$40,Element_Stiffness!Y61,0)),IF(Element_Stiffness!$E$40=0,IF(3=Element_Stiffness!$C$40,Element_Stiffness!S67,IF(3=Element_Stiffness!$E$40,Element_Stiffness!Y67,0)),0)),0)+IF(Element_Stiffness!$C$76,IF(Element_Stiffness!$C$75=0,IF(3=Element_Stiffness!$C$75,Element_Stiffness!S96,IF(3=Element_Stiffness!$E$75,Element_Stiffness!Y96,0)),IF(Element_Stiffness!$E$75=0,IF(3=Element_Stiffness!$C$75,Element_Stiffness!S102,IF(3=Element_Stiffness!$E$75,Element_Stiffness!Y102,0)),0)),0)+IF(Element_Stiffness!$C$111,IF(Element_Stiffness!$C$110=0,IF(3=Element_Stiffness!$C$110,Element_Stiffness!S131,IF(3=Element_Stiffness!$E$110,Element_Stiffness!Y131,0)),IF(Element_Stiffness!$E$110=0,IF(3=Element_Stiffness!$C$110,Element_Stiffness!S137,IF(3=Element_Stiffness!$E$110,Element_Stiffness!Y137,0)),0)),0)+IF(Element_Stiffness!$C$146,IF(Element_Stiffness!$C$145=0,IF(3=Element_Stiffness!$C$145,Element_Stiffness!S166,IF(3=Element_Stiffness!$E$145,Element_Stiffness!Y166,0)),IF(Element_Stiffness!$E$145=0,IF(3=Element_Stiffness!$C$145,Element_Stiffness!S172,IF(3=Element_Stiffness!$E$145,Element_Stiffness!Y172,0)),0)),0)+IF(Element_Stiffness!$C$181,IF(Element_Stiffness!$C$180=0,IF(3=Element_Stiffness!$C$180,Element_Stiffness!S201,IF(3=Element_Stiffness!$E$180,Element_Stiffness!Y201,0)),IF(Element_Stiffness!$E$180=0,IF(3=Element_Stiffness!$C$180,Element_Stiffness!S207,IF(3=Element_Stiffness!$E$180,Element_Stiffness!Y207,0)),0)),0)+IF(Element_Stiffness!$C$216,IF(Element_Stiffness!$C$215=0,IF(3=Element_Stiffness!$C$215,Element_Stiffness!S236,IF(3=Element_Stiffness!$E$215,Element_Stiffness!Y236,0)),IF(Element_Stiffness!$E$215=0,IF(3=Element_Stiffness!$C$215,Element_Stiffness!S242,IF(3=Element_Stiffness!$E$215,Element_Stiffness!Y242,0)),0)),0) | Y5: =IF(Element_Stiffness!$C$6,IF(Element_Stiffness!$C$5=0,IF(3=Element_Stiffness!$C$5,Element_Stiffness!T26,IF(3=Element_Stiffness!$E$5,Element_Stiffness!Z26,0)),IF(Element_Stiffness!$E$5=0,IF(3=Element_Stiffness!$C$5,Element_Stiffness!T32,IF(3=Element_Stiffness!$E$5,Element_Stiffness!Z32,0)),0)),0)+IF(Element_Stiffness!$C$41,IF(Element_Stiffness!$C$40=0,IF(3=Element_Stiffness!$C$40,Element_Stiffness!T61,IF(3=Element_Stiffness!$E$40,Element_Stiffness!Z61,0)),IF(Element_Stiffness!$E$40=0,IF(3=Element_Stiffness!$C$40,Element_Stiffness!T67,IF(3=Element_Stiffness!$E$40,Element_Stiffness!Z67,0)),0)),0)+IF(Element_Stiffness!$C$76,IF(Element_Stiffness!$C$75=0,IF(3=Element_Stiffness!$C$75,Element_Stiffness!T96,IF(3=Element_Stiffness!$E$75,Element_Stiffness!Z96,0)),IF(Element_Stiffness!$E$75=0,IF(3=Element_Stiffness!$C$75,Element_Stiffness!T102,IF(3=Element_Stiffness!$E$75,Element_Stiffness!Z102,0)),0)),0)+IF(Element_Stiffness!$C$111,IF(Element_Stiffness!$C$110=0,IF(3=Element_Stiffness!$C$110,Element_Stiffness!T131,IF(3=Element_Stiffness!$E$110,Element_Stiffness!Z131,0)),IF(Element_Stiffness!$E$110=0,IF(3=Element_Stiffness!$C$110,Element_Stiffness!T137,IF(3=Element_Stiffness!$E$110,Element_Stiffness!Z137,0)),0)),0)+IF(Element_Stiffness!$C$146,IF(Element_Stiffness!$C$145=0,IF(3=Element_Stiffness!$C$145,Element_Stiffness!T166,IF(3=Element_Stiffness!$E$145,Element_Stiffness!Z166,0)),IF(Element_Stiffness!$E$145=0,IF(3=Element_Stiffness!$C$145,Element_Stiffness!T172,IF(3=Element_Stiffness!$E$145,Element_Stiffness!Z172,0)),0)),0)+IF(Element_Stiffness!$C$181,IF(Element_Stiffness!$C$180=0,IF(3=Element_Stiffness!$C$180,Element_Stiffness!T201,IF(3=Element_Stiffness!$E$180,Element_Stiffness!Z201,0)),IF(Element_Stiffness!$E$180=0,IF(3=Element_Stiffness!$C$180,Element_Stiffness!T207,IF(3=Element_Stiffness!$E$180,Element_Stiffness!Z207,0)),0)),0)+IF(Element_Stiffness!$C$216,IF(Element_Stiffness!$C$215=0,IF(3=Element_Stiffness!$C$215,Element_Stiffness!T236,IF(3=Element_Stiffness!$E$215,Element_Stiffness!Z236,0)),IF(Element_Stiffness!$E$215=0,IF(3=Element_Stiffness!$C$215,Element_Stiffness!T242,IF(3=Element_Stiffness!$E$215,Element_Stiffness!Z242,0)),0)),0) | Z5: =IF(Element_Stiffness!$C$6,IF(Element_Stiffness!$C$5=0,IF(3=Element_Stiffness!$C$5,Element_Stiffness!U26,IF(3=Element_Stiffness!$E$5,Element_Stiffness!AA26,0)),IF(Element_Stiffness!$E$5=0,IF(3=Element_Stiffness!$C$5,Element_Stiffness!U32,IF(3=Element_Stiffness!$E$5,Element_Stiffness!AA32,0)),0)),0)+IF(Element_Stiffness!$C$41,IF(Element_Stiffness!$C$40=0,IF(3=Element_Stiffness!$C$40,Element_Stiffness!U61,IF(3=Element_Stiffness!$E$40,Element_Stiffness!AA61,0)),IF(Element_Stiffness!$E$40=0,IF(3=Element_Stiffness!$C$40,Element_Stiffness!U67,IF(3=Element_Stiffness!$E$40,Element_Stiffness!AA67,0)),0)),0)+IF(Element_Stiffness!$C$76,IF(Element_Stiffness!$C$75=0,IF(3=Element_Stiffness!$C$75,Element_Stiffness!U96,IF(3=Element_Stiffness!$E$75,Element_Stiffness!AA96,0)),IF(Element_Stiffness!$E$75=0,IF(3=Element_Stiffness!$C$75,Element_Stiffness!U102,IF(3=Element_Stiffness!$E$75,Element_Stiffness!AA102,0)),0)),0)+IF(Element_Stiffness!$C$111,IF(Element_Stiffness!$C$110=0,IF(3=Element_Stiffness!$C$110,Element_Stiffness!U131,IF(3=Element_Stiffness!$E$110,Element_Stiffness!AA131,0)),IF(Element_Stiffness!$E$110=0,IF(3=Element_Stiffness!$C$110,Element_Stiffness!U137,IF(3=Element_Stiffness!$E$110,Element_Stiffness!AA137,0)),0)),0)+IF(Element_Stiffness!$C$146,IF(Element_Stiffness!$C$145=0,IF(3=Element_Stiffness!$C$145,Element_Stiffness!U166,IF(3=Element_Stiffness!$E$145,Element_Stiffness!AA166,0)),IF(Element_Stiffness!$E$145=0,IF(3=Element_Stiffness!$C$145,Element_Stiffness!U172,IF(3=Element_Stiffness!$E$145,Element_Stiffness!AA172,0)),0)),0)+IF(Element_Stiffness!$C$181,IF(Element_Stiffness!$C$180=0,IF(3=Element_Stiffness!$C$180,Element_Stiffness!U201,IF(3=Element_Stiffness!$E$180,Element_Stiffness!AA201,0)),IF(Element_Stiffness!$E$180=0,IF(3=Element_Stiffness!$C$180,Element_Stiffness!U207,IF(3=Element_Stiffness!$E$180,Element_Stiffness!AA207,0)),0)),0)+IF(Element_Stiffness!$C$216,IF(Element_Stiffness!$C$215=0,IF(3=Element_Stiffness!$C$215,Element_Stiffness!U236,IF(3=Element_Stiffness!$E$215,Element_Stiffness!AA236,0)),IF(Element_Stiffness!$E$215=0,IF(3=Element_Stiffness!$C$215,Element_Stiffness!U242,IF(3=Element_Stiffness!$E$215,Element_Stiffness!AA242,0)),0)),0) | AA5: =IF(Element_Stiffness!$C$6,IF(Element_Stiffness!$C$5=0,IF(4=Element_Stiffness!$C$5,Element_Stiffness!P26,IF(4=Element_Stiffness!$E$5,Element_Stiffness!V26,0)),IF(Element_Stiffness!$E$5=0,IF(4=Element_Stiffness!$C$5,Element_Stiffness!P32,IF(4=Element_Stiffness!$E$5,Element_Stiffness!V32,0)),0)),0)+IF(Element_Stiffness!$C$41,IF(Element_Stiffness!$C$40=0,IF(4=Element_Stiffness!$C$40,Element_Stiffness!P61,IF(4=Element_Stiffness!$E$40,Element_Stiffness!V61,0)),IF(Element_Stiffness!$E$40=0,IF(4=Element_Stiffness!$C$40,Element_Stiffness!P67,IF(4=Element_Stiffness!$E$40,Element_Stiffness!V67,0)),0)),0)+IF(Element_Stiffness!$C$76,IF(Element_Stiffness!$C$75=0,IF(4=Element_Stiffness!$C$75,Element_Stiffness!P96,IF(4=Element_Stiffness!$E$75,Element_Stiffness!V96,0)),IF(Element_Stiffness!$E$75=0,IF(4=Element_Stiffness!$C$75,Element_Stiffness!P102,IF(4=Element_Stiffness!$E$75,Element_Stiffness!V102,0)),0)),0)+IF(Element_Stiffness!$C$111,IF(Element_Stiffness!$C$110=0,IF(4=Element_Stiffness!$C$110,Element_Stiffness!P131,IF(4=Element_Stiffness!$E$110,Element_Stiffness!V131,0)),IF(Element_Stiffness!$E$110=0,IF(4=Element_Stiffness!$C$110,Element_Stiffness!P137,IF(4=Element_Stiffness!$E$110,Element_Stiffness!V137,0)),0)),0)+IF(Element_Stiffness!$C$146,IF(Element_Stiffness!$C$145=0,IF(4=Element_Stiffness!$C$145,Element_Stiffness!P166,IF(4=Element_Stiffness!$E$145,Element_Stiffness!V166,0)),IF(Element_Stiffness!$E$145=0,IF(4=Element_Stiffness!$C$145,Element_Stiffness!P172,IF(4=Element_Stiffness!$E$145,Element_Stiffness!V172,0)),0)),0)+IF(Element_Stiffness!$C$181,IF(Element_Stiffness!$C$180=0,IF(4=Element_Stiffness!$C$180,Element_Stiffness!P201,IF(4=Element_Stiffness!$E$180,Element_Stiffness!V201,0)),IF(Element_Stiffness!$E$180=0,IF(4=Element_Stiffness!$C$180,Element_Stiffness!P207,IF(4=Element_Stiffness!$E$180,Element_Stiffness!V207,0)),0)),0)+IF(Element_Stiffness!$C$216,IF(Element_Stiffness!$C$215=0,IF(4=Element_Stiffness!$C$215,Element_Stiffness!P236,IF(4=Element_Stiffness!$E$215,Element_Stiffness!V236,0)),IF(Element_Stiffness!$E$215=0,IF(4=Element_Stiffness!$C$215,Element_Stiffness!P242,IF(4=Element_Stiffness!$E$215,Element_Stiffness!V242,0)),0)),0) | AB5: =IF(Element_Stiffness!$C$6,IF(Element_Stiffness!$C$5=0,IF(4=Element_Stiffness!$C$5,Element_Stiffness!Q26,IF(4=Element_Stiffness!$E$5,Element_Stiffness!W26,0)),IF(Element_Stiffness!$E$5=0,IF(4=Element_Stiffness!$C$5,Element_Stiffness!Q32,IF(4=Element_Stiffness!$E$5,Element_Stiffness!W32,0)),0)),0)+IF(Element_Stiffness!$C$41,IF(Element_Stiffness!$C$40=0,IF(4=Element_Stiffness!$C$40,Element_Stiffness!Q61,IF(4=Element_Stiffness!$E$40,Element_Stiffness!W61,0)),IF(Element_Stiffness!$E$40=0,IF(4=Element_Stiffness!$C$40,Element_Stiffness!Q67,IF(4=Element_Stiffness!$E$40,Element_Stiffness!W67,0)),0)),0)+IF(Element_Stiffness!$C$76,IF(Element_Stiffness!$C$75=0,IF(4=Element_Stiffness!$C$75,Element_Stiffness!Q96,IF(4=Element_Stiffness!$E$75,Element_Stiffness!W96,0)),IF(Element_Stiffness!$E$75=0,IF(4=Element_Stiffness!$C$75,Element_Stiffness!Q102,IF(4=Element_Stiffness!$E$75,Element_Stiffness!W102,0)),0)),0)+IF(Element_Stiffness!$C$111,IF(Element_Stiffness!$C$110=0,IF(4=Element_Stiffness!$C$110,Element_Stiffness!Q131,IF(4=Element_Stiffness!$E$110,Element_Stiffness!W131,0)),IF(Element_Stiffness!$E$110=0,IF(4=Element_Stiffness!$C$110,Element_Stiffness!Q137,IF(4=Element_Stiffness!$E$110,Element_Stiffness!W137,0)),0)),0)+IF(Element_Stiffness!$C$146,IF(Element_Stiffness!$C$145=0,IF(4=Element_Stiffness!$C$145,Element_Stiffness!Q166,IF(4=Element_Stiffness!$E$145,Element_Stiffness!W166,0)),IF(Element_Stiffness!$E$145=0,IF(4=Element_Stiffness!$C$145,Element_Stiffness!Q172,IF(4=Element_Stiffness!$E$145,Element_Stiffness!W172,0)),0)),0)+IF(Element_Stiffness!$C$181,IF(Element_Stiffness!$C$180=0,IF(4=Element_Stiffness!$C$180,Element_Stiffness!Q201,IF(4=Element_Stiffness!$E$180,Element_Stiffness!W201,0)),IF(Element_Stiffness!$E$180=0,IF(4=Element_Stiffness!$C$180,Element_Stiffness!Q207,IF(4=Element_Stiffness!$E$180,Element_Stiffness!W207,0)),0)),0)+IF(Element_Stiffness!$C$216,IF(Element_Stiffness!$C$215=0,IF(4=Element_Stiffness!$C$215,Element_Stiffness!Q236,IF(4=Element_Stiffness!$E$215,Element_Stiffness!W236,0)),IF(Element_Stiffness!$E$215=0,IF(4=Element_Stiffness!$C$215,Element_Stiffness!Q242,IF(4=Element_Stiffness!$E$215,Element_Stiffness!W242,0)),0)),0) | AC5: =IF(Element_Stiffness!$C$6,IF(Element_Stiffness!$C$5=0,IF(4=Element_Stiffness!$C$5,Element_Stiffness!R26,IF(4=Element_Stiffness!$E$5,Element_Stiffness!X26,0)),IF(Element_Stiffness!$E$5=0,IF(4=Element_Stiffness!$C$5,Element_Stiffness!R32,IF(4=Element_Stiffness!$E$5,Element_Stiffness!X32,0)),0)),0)+IF(Element_Stiffness!$C$41,IF(Element_Stiffness!$C$40=0,IF(4=Element_Stiffness!$C$40,Element_Stiffness!R61,IF(4=Element_Stiffness!$E$40,Element_Stiffness!X61,0)),IF(Element_Stiffness!$E$40=0,IF(4=Element_Stiffness!$C$40,Element_Stiffness!R67,IF(4=Element_Stiffness!$E$40,Element_Stiffness!X67,0)),0)),0)+IF(Element_Stiffness!$C$76,IF(Element_Stiffness!$C$75=0,IF(4=Element_Stiffness!$C$75,Element_Stiffness!R96,IF(4=Element_Stiffness!$E$75,Element_Stiffness!X96,0)),IF(Element_Stiffness!$E$75=0,IF(4=Element_Stiffness!$C$75,Element_Stiffness!R102,IF(4=Element_Stiffness!$E$75,Element_Stiffness!X102,0)),0)),0)+IF(Element_Stiffness!$C$111,IF(Element_Stiffness!$C$110=0,IF(4=Element_Stiffness!$C$110,Element_Stiffness!R131,IF(4=Element_Stiffness!$E$110,Element_Stiffness!X131,0)),IF(Element_Stiffness!$E$110=0,IF(4=Element_Stiffness!$C$110,Element_Stiffness!R137,IF(4=Element_Stiffness!$E$110,Element_Stiffness!X137,0)),0)),0)+IF(Element_Stiffness!$C$146,IF(Element_Stiffness!$C$145=0,IF(4=Element_Stiffness!$C$145,Element_Stiffness!R166,IF(4=Element_Stiffness!$E$145,Element_Stiffness!X166,0)),IF(Element_Stiffness!$E$145=0,IF(4=Element_Stiffness!$C$145,Element_Stiffness!R172,IF(4=Element_Stiffness!$E$145,Element_Stiffness!X172,0)),0)),0)+IF(Element_Stiffness!$C$181,IF(Element_Stiffness!$C$180=0,IF(4=Element_Stiffness!$C$180,Element_Stiffness!R201,IF(4=Element_Stiffness!$E$180,Element_Stiffness!X201,0)),IF(Element_Stiffness!$E$180=0,IF(4=Element_Stiffness!$C$180,Element_Stiffness!R207,IF(4=Element_Stiffness!$E$180,Element_Stiffness!X207,0)),0)),0)+IF(Element_Stiffness!$C$216,IF(Element_Stiffness!$C$215=0,IF(4=Element_Stiffness!$C$215,Element_Stiffness!R236,IF(4=Element_Stiffness!$E$215,Element_Stiffness!X236,0)),IF(Element_Stiffness!$E$215=0,IF(4=Element_Stiffness!$C$215,Element_Stiffness!R242,IF(4=Element_Stiffness!$E$215,Element_Stiffness!X242,0)),0)),0) | AD5: =IF(Element_Stiffness!$C$6,IF(Element_Stiffness!$C$5=0,IF(4=Element_Stiffness!$C$5,Element_Stiffness!S26,IF(4=Element_Stiffness!$E$5,Element_Stiffness!Y26,0)),IF(Element_Stiffness!$E$5=0,IF(4=Element_Stiffness!$C$5,Element_Stiffness!S32,IF(4=Element_Stiffness!$E$5,Element_Stiffness!Y32,0)),0)),0)+IF(Element_Stiffness!$C$41,IF(Element_Stiffness!$C$40=0,IF(4=Element_Stiffness!$C$40,Element_Stiffness!S61,IF(4=Element_Stiffness!$E$40,Element_Stiffness!Y61,0)),IF(Element_Stiffness!$E$40=0,IF(4=Element_Stiffness!$C$40,Element_Stiffness!S67,IF(4=Element_Stiffness!$E$40,Element_Stiffness!Y67,0)),0)),0)+IF(Element_Stiffness!$C$76,IF(Element_Stiffness!$C$75=0,IF(4=Element_Stiffness!$C$75,Element_Stiffness!S96,IF(4=Element_Stiffness!$E$75,Element_Stiffness!Y96,0)),IF(Element_Stiffness!$E$75=0,IF(4=Element_Stiffness!$C$75,Element_Stiffness!S102,IF(4=Element_Stiffness!$E$75,Element_Stiffness!Y102,0)),0)),0)+IF(Element_Stiffness!$C$111,IF(Element_Stiffness!$C$110=0,IF(4=Element_Stiffness!$C$110,Element_Stiffness!S131,IF(4=Element_Stiffness!$E$110,Element_Stiffness!Y131,0)),IF(Element_Stiffness!$E$110=0,IF(4=Element_Stiffness!$C$110,Element_Stiffness!S137,IF(4=Element_Stiffness!$E$110,Element_Stiffness!Y137,0)),0)),0)+IF(Element_Stiffness!$C$146,IF(Element_Stiffness!$C$145=0,IF(4=Element_Stiffness!$C$145,Element_Stiffness!S166,IF(4=Element_Stiffness!$E$145,Element_Stiffness!Y166,0)),IF(Element_Stiffness!$E$145=0,IF(4=Element_Stiffness!$C$145,Element_Stiffness!S172,IF(4=Element_Stiffness!$E$145,Element_Stiffness!Y172,0)),0)),0)+IF(Element_Stiffness!$C$181,IF(Element_Stiffness!$C$180=0,IF(4=Element_Stiffness!$C$180,Element_Stiffness!S201,IF(4=Element_Stiffness!$E$180,Element_Stiffness!Y201,0)),IF(Element_Stiffness!$E$180=0,IF(4=Element_Stiffness!$C$180,Element_Stiffness!S207,IF(4=Element_Stiffness!$E$180,Element_Stiffness!Y207,0)),0)),0)+IF(Element_Stiffness!$C$216,IF(Element_Stiffness!$C$215=0,IF(4=Element_Stiffness!$C$215,Element_Stiffness!S236,IF(4=Element_Stiffness!$E$215,Element_Stiffness!Y236,0)),IF(Element_Stiffness!$E$215=0,IF(4=Element_Stiffness!$C$215,Element_Stiffness!S242,IF(4=Element_Stiffness!$E$215,Element_Stiffness!Y242,0)),0)),0) | AE5: =IF(Element_Stiffness!$C$6,IF(Element_Stiffness!$C$5=0,IF(4=Element_Stiffness!$C$5,Element_Stiffness!T26,IF(4=Element_Stiffness!$E$5,Element_Stiffness!Z26,0)),IF(Element_Stiffness!$E$5=0,IF(4=Element_Stiffness!$C$5,Element_Stiffness!T32,IF(4=Element_Stiffness!$E$5,Element_Stiffness!Z32,0)),0)),0)+IF(Element_Stiffness!$C$41,IF(Element_Stiffness!$C$40=0,IF(4=Element_Stiffness!$C$40,Element_Stiffness!T61,IF(4=Element_Stiffness!$E$40,Element_Stiffness!Z61,0)),IF(Element_Stiffness!$E$40=0,IF(4=Element_Stiffness!$C$40,Element_Stiffness!T67,IF(4=Element_Stiffness!$E$40,Element_Stiffness!Z67,0)),0)),0)+IF(Element_Stiffness!$C$76,IF(Element_Stiffness!$C$75=0,IF(4=Element_Stiffness!$C$75,Element_Stiffness!T96,IF(4=Element_Stiffness!$E$75,Element_Stiffness!Z96,0)),IF(Element_Stiffness!$E$75=0,IF(4=Element_Stiffness!$C$75,Element_Stiffness!T102,IF(4=Element_Stiffness!$E$75,Element_Stiffness!Z102,0)),0)),0)+IF(Element_Stiffness!$C$111,IF(Element_Stiffness!$C$110=0,IF(4=Element_Stiffness!$C$110,Element_Stiffness!T131,IF(4=Element_Stiffness!$E$110,Element_Stiffness!Z131,0)),IF(Element_Stiffness!$E$110=0,IF(4=Element_Stiffness!$C$110,Element_Stiffness!T137,IF(4=Element_Stiffness!$E$110,Element_Stiffness!Z137,0)),0)),0)+IF(Element_Stiffness!$C$146,IF(Element_Stiffness!$C$145=0,IF(4=Element_Stiffness!$C$145,Element_Stiffness!T166,IF(4=Element_Stiffness!$E$145,Element_Stiffness!Z166,0)),IF(Element_Stiffness!$E$145=0,IF(4=Element_Stiffness!$C$145,Element_Stiffness!T172,IF(4=Element_Stiffness!$E$145,Element_Stiffness!Z172,0)),0)),0)+IF(Element_Stiffness!$C$181,IF(Element_Stiffness!$C$180=0,IF(4=Element_Stiffness!$C$180,Element_Stiffness!T201,IF(4=Element_Stiffness!$E$180,Element_Stiffness!Z201,0)),IF(Element_Stiffness!$E$180=0,IF(4=Element_Stiffness!$C$180,Element_Stiffness!T207,IF(4=Element_Stiffness!$E$180,Element_Stiffness!Z207,0)),0)),0)+IF(Element_Stiffness!$C$216,IF(Element_Stiffness!$C$215=0,IF(4=Element_Stiffness!$C$215,Element_Stiffness!T236,IF(4=Element_Stiffness!$E$215,Element_Stiffness!Z236,0)),IF(Element_Stiffness!$E$215=0,IF(4=Element_Stiffness!$C$215,Element_Stiffness!T242,IF(4=Element_Stiffness!$E$215,Element_Stiffness!Z242,0)),0)),0) | AF5: =IF(Element_Stiffness!$C$6,IF(Element_Stiffness!$C$5=0,IF(4=Element_Stiffness!$C$5,Element_Stiffness!U26,IF(4=Element_Stiffness!$E$5,Element_Stiffness!AA26,0)),IF(Element_Stiffness!$E$5=0,IF(4=Element_Stiffness!$C$5,Element_Stiffness!U32,IF(4=Element_Stiffness!$E$5,Element_Stiffness!AA32,0)),0)),0)+IF(Element_Stiffness!$C$41,IF(Element_Stiffness!$C$40=0,IF(4=Element_Stiffness!$C$40,Element_Stiffness!U61,IF(4=Element_Stiffness!$E$40,Element_Stiffness!AA61,0)),IF(Element_Stiffness!$E$40=0,IF(4=Element_Stiffness!$C$40,Element_Stiffness!U67,IF(4=Element_Stiffness!$E$40,Element_Stiffness!AA67,0)),0)),0)+IF(Element_Stiffness!$C$76,IF(Element_Stiffness!$C$75=0,IF(4=Element_Stiffness!$C$75,Element_Stiffness!U96,IF(4=Element_Stiffness!$E$75,Element_Stiffness!AA96,0)),IF(Element_Stiffness!$E$75=0,IF(4=Element_Stiffness!$C$75,Element_Stiffness!U102,IF(4=Element_Stiffness!$E$75,Element_Stiffness!AA102,0)),0)),0)+IF(Element_Stiffness!$C$111,IF(Element_Stiffness!$C$110=0,IF(4=Element_Stiffness!$C$110,Element_Stiffness!U131,IF(4=Element_Stiffness!$E$110,Element_Stiffness!AA131,0)),IF(Element_Stiffness!$E$110=0,IF(4=Element_Stiffness!$C$110,Element_Stiffness!U137,IF(4=Element_Stiffness!$E$110,Element_Stiffness!AA137,0)),0)),0)+IF(Element_Stiffness!$C$146,IF(Element_Stiffness!$C$145=0,IF(4=Element_Stiffness!$C$145,Element_Stiffness!U166,IF(4=Element_Stiffness!$E$145,Element_Stiffness!AA166,0)),IF(Element_Stiffness!$E$145=0,IF(4=Element_Stiffness!$C$145,Element_Stiffness!U172,IF(4=Element_Stiffness!$E$145,Element_Stiffness!AA172,0)),0)),0)+IF(Element_Stiffness!$C$181,IF(Element_Stiffness!$C$180=0,IF(4=Element_Stiffness!$C$180,Element_Stiffness!U201,IF(4=Element_Stiffness!$E$180,Element_Stiffness!AA201,0)),IF(Element_Stiffness!$E$180=0,IF(4=Element_Stiffness!$C$180,Element_Stiffness!U207,IF(4=Element_Stiffness!$E$180,Element_Stiffness!AA207,0)),0)),0)+IF(Element_Stiffness!$C$216,IF(Element_Stiffness!$C$215=0,IF(4=Element_Stiffness!$C$215,Element_Stiffness!U236,IF(4=Element_Stiffness!$E$215,Element_Stiffness!AA236,0)),IF(Element_Stiffness!$E$215=0,IF(4=Element_Stiffness!$C$215,Element_Stiffness!U242,IF(4=Element_Stiffness!$E$215,Element_Stiffness!AA242,0)),0)),0) | AG5: =IF(Element_Stiffness!$C$6,IF(Element_Stiffness!$C$5=0,IF(5=Element_Stiffness!$C$5,Element_Stiffness!P26,IF(5=Element_Stiffness!$E$5,Element_Stiffness!V26,0)),IF(Element_Stiffness!$E$5=0,IF(5=Element_Stiffness!$C$5,Element_Stiffness!P32,IF(5=Element_Stiffness!$E$5,Element_Stiffness!V32,0)),0)),0)+IF(Element_Stiffness!$C$41,IF(Element_Stiffness!$C$40=0,IF(5=Element_Stiffness!$C$40,Element_Stiffness!P61,IF(5=Element_Stiffness!$E$40,Element_Stiffness!V61,0)),IF(Element_Stiffness!$E$40=0,IF(5=Element_Stiffness!$C$40,Element_Stiffness!P67,IF(5=Element_Stiffness!$E$40,Element_Stiffness!V67,0)),0)),0)+IF(Element_Stiffness!$C$76,IF(Element_Stiffness!$C$75=0,IF(5=Element_Stiffness!$C$75,Element_Stiffness!P96,IF(5=Element_Stiffness!$E$75,Element_Stiffness!V96,0)),IF(Element_Stiffness!$E$75=0,IF(5=Element_Stiffness!$C$75,Element_Stiffness!P102,IF(5=Element_Stiffness!$E$75,Element_Stiffness!V102,0)),0)),0)+IF(Element_Stiffness!$C$111,IF(Element_Stiffness!$C$110=0,IF(5=Element_Stiffness!$C$110,Element_Stiffness!P131,IF(5=Element_Stiffness!$E$110,Element_Stiffness!V131,0)),IF(Element_Stiffness!$E$110=0,IF(5=Element_Stiffness!$C$110,Element_Stiffness!P137,IF(5=Element_Stiffness!$E$110,Element_Stiffness!V137,0)),0)),0)+IF(Element_Stiffness!$C$146,IF(Element_Stiffness!$C$145=0,IF(5=Element_Stiffness!$C$145,Element_Stiffness!P166,IF(5=Element_Stiffness!$E$145,Element_Stiffness!V166,0)),IF(Element_Stiffness!$E$145=0,IF(5=Element_Stiffness!$C$145,Element_Stiffness!P172,IF(5=Element_Stiffness!$E$145,Element_Stiffness!V172,0)),0)),0)+IF(Element_Stiffness!$C$181,IF(Element_Stiffness!$C$180=0,IF(5=Element_Stiffness!$C$180,Element_Stiffness!P201,IF(5=Element_Stiffness!$E$180,Element_Stiffness!V201,0)),IF(Element_Stiffness!$E$180=0,IF(5=Element_Stiffness!$C$180,Element_Stiffness!P207,IF(5=Element_Stiffness!$E$180,Element_Stiffness!V207,0)),0)),0)+IF(Element_Stiffness!$C$216,IF(Element_Stiffness!$C$215=0,IF(5=Element_Stiffness!$C$215,Element_Stiffness!P236,IF(5=Element_Stiffness!$E$215,Element_Stiffness!V236,0)),IF(Element_Stiffness!$E$215=0,IF(5=Element_Stiffness!$C$215,Element_Stiffness!P242,IF(5=Element_Stiffness!$E$215,Element_Stiffness!V242,0)),0)),0) | AH5: =IF(Element_Stiffness!$C$6,IF(Element_Stiffness!$C$5=0,IF(5=Element_Stiffness!$C$5,Element_Stiffness!Q26,IF(5=Element_Stiffness!$E$5,Element_Stiffness!W26,0)),IF(Element_Stiffness!$E$5=0,IF(5=Element_Stiffness!$C$5,Element_Stiffness!Q32,IF(5=Element_Stiffness!$E$5,Element_Stiffness!W32,0)),0)),0)+IF(Element_Stiffness!$C$41,IF(Element_Stiffness!$C$40=0,IF(5=Element_Stiffness!$C$40,Element_Stiffness!Q61,IF(5=Element_Stiffness!$E$40,Element_Stiffness!W61,0)),IF(Element_Stiffness!$E$40=0,IF(5=Element_Stiffness!$C$40,Element_Stiffness!Q67,IF(5=Element_Stiffness!$E$40,Element_Stiffness!W67,0)),0)),0)+IF(Element_Stiffness!$C$76,IF(Element_Stiffness!$C$75=0,IF(5=Element_Stiffness!$C$75,Element_Stiffness!Q96,IF(5=Element_Stiffness!$E$75,Element_Stiffness!W96,0)),IF(Element_Stiffness!$E$75=0,IF(5=Element_Stiffness!$C$75,Element_Stiffness!Q102,IF(5=Element_Stiffness!$E$75,Element_Stiffness!W102,0)),0)),0)+IF(Element_Stiffness!$C$111,IF(Element_Stiffness!$C$110=0,IF(5=Element_Stiffness!$C$110,Element_Stiffness!Q131,IF(5=Element_Stiffness!$E$110,Element_Stiffness!W131,0)),IF(Element_Stiffness!$E$110=0,IF(5=Element_Stiffness!$C$110,Element_Stiffness!Q137,IF(5=Element_Stiffness!$E$110,Element_Stiffness!W137,0)),0)),0)+IF(Element_Stiffness!$C$146,IF(Element_Stiffness!$C$145=0,IF(5=Element_Stiffness!$C$145,Element_Stiffness!Q166,IF(5=Element_Stiffness!$E$145,Element_Stiffness!W166,0)),IF(Element_Stiffness!$E$145=0,IF(5=Element_Stiffness!$C$145,Element_Stiffness!Q172,IF(5=Element_Stiffness!$E$145,Element_Stiffness!W172,0)),0)),0)+IF(Element_Stiffness!$C$181,IF(Element_Stiffness!$C$180=0,IF(5=Element_Stiffness!$C$180,Element_Stiffness!Q201,IF(5=Element_Stiffness!$E$180,Element_Stiffness!W201,0)),IF(Element_Stiffness!$E$180=0,IF(5=Element_Stiffness!$C$180,Element_Stiffness!Q207,IF(5=Element_Stiffness!$E$180,Element_Stiffness!W207,0)),0)),0)+IF(Element_Stiffness!$C$216,IF(Element_Stiffness!$C$215=0,IF(5=Element_Stiffness!$C$215,Element_Stiffness!Q236,IF(5=Element_Stiffness!$E$215,Element_Stiffness!W236,0)),IF(Element_Stiffness!$E$215=0,IF(5=Element_Stiffness!$C$215,Element_Stiffness!Q242,IF(5=Element_Stiffness!$E$215,Element_Stiffness!W242,0)),0)),0) | AI5: =IF(Element_Stiffness!$C$6,IF(Element_Stiffness!$C$5=0,IF(5=Element_Stiffness!$C$5,Element_Stiffness!R26,IF(5=Element_Stiffness!$E$5,Element_Stiffness!X26,0)),IF(Element_Stiffness!$E$5=0,IF(5=Element_Stiffness!$C$5,Element_Stiffness!R32,IF(5=Element_Stiffness!$E$5,Element_Stiffness!X32,0)),0)),0)+IF(Element_Stiffness!$C$41,IF(Element_Stiffness!$C$40=0,IF(5=Element_Stiffness!$C$40,Element_Stiffness!R61,IF(5=Element_Stiffness!$E$40,Element_Stiffness!X61,0)),IF(Element_Stiffness!$E$40=0,IF(5=Element_Stiffness!$C$40,Element_Stiffness!R67,IF(5=Element_Stiffness!$E$40,Element_Stiffness!X67,0)),0)),0)+IF(Element_Stiffness!$C$76,IF(Element_Stiffness!$C$75=0,IF(5=Element_Stiffness!$C$75,Element_Stiffness!R96,IF(5=Element_Stiffness!$E$75,Element_Stiffness!X96,0)),IF(Element_Stiffness!$E$75=0,IF(5=Element_Stiffness!$C$75,Element_Stiffness!R102,IF(5=Element_Stiffness!$E$75,Element_Stiffness!X102,0)),0)),0)+IF(Element_Stiffness!$C$111,IF(Element_Stiffness!$C$110=0,IF(5=Element_Stiffness!$C$110,Element_Stiffness!R131,IF(5=Element_Stiffness!$E$110,Element_Stiffness!X131,0)),IF(Element_Stiffness!$E$110=0,IF(5=Element_Stiffness!$C$110,Element_Stiffness!R137,IF(5=Element_Stiffness!$E$110,Element_Stiffness!X137,0)),0)),0)+IF(Element_Stiffness!$C$146,IF(Element_Stiffness!$C$145=0,IF(5=Element_Stiffness!$C$145,Element_Stiffness!R166,IF(5=Element_Stiffness!$E$145,Element_Stiffness!X166,0)),IF(Element_Stiffness!$E$145=0,IF(5=Element_Stiffness!$C$145,Element_Stiffness!R172,IF(5=Element_Stiffness!$E$145,Element_Stiffness!X172,0)),0)),0)+IF(Element_Stiffness!$C$181,IF(Element_Stiffness!$C$180=0,IF(5=Element_Stiffness!$C$180,Element_Stiffness!R201,IF(5=Element_Stiffness!$E$180,Element_Stiffness!X201,0)),IF(Element_Stiffness!$E$180=0,IF(5=Element_Stiffness!$C$180,Element_Stiffness!R207,IF(5=Element_Stiffness!$E$180,Element_Stiffness!X207,0)),0)),0)+IF(Element_Stiffness!$C$216,IF(Element_Stiffness!$C$215=0,IF(5=Element_Stiffness!$C$215,Element_Stiffness!R236,IF(5=Element_Stiffness!$E$215,Element_Stiffness!X236,0)),IF(Element_Stiffness!$E$215=0,IF(5=Element_Stiffness!$C$215,Element_Stiffness!R242,IF(5=Element_Stiffness!$E$215,Element_Stiffness!X242,0)),0)),0) | AJ5: =IF(Element_Stiffness!$C$6,IF(Element_Stiffness!$C$5=0,IF(5=Element_Stiffness!$C$5,Element_Stiffness!S26,IF(5=Element_Stiffness!$E$5,Element_Stiffness!Y26,0)),IF(Element_Stiffness!$E$5=0,IF(5=Element_Stiffness!$C$5,Element_Stiffness!S32,IF(5=Element_Stiffness!$E$5,Element_Stiffness!Y32,0)),0)),0)+IF(Element_Stiffness!$C$41,IF(Element_Stiffness!$C$40=0,IF(5=Element_Stiffness!$C$40,Element_Stiffness!S61,IF(5=Element_Stiffness!$E$40,Element_Stiffness!Y61,0)),IF(Element_Stiffness!$E$40=0,IF(5=Element_Stiffness!$C$40,Element_Stiffness!S67,IF(5=Element_Stiffness!$E$40,Element_Stiffness!Y67,0)),0)),0)+IF(Element_Stiffness!$C$76,IF(Element_Stiffness!$C$75=0,IF(5=Element_Stiffness!$C$75,Element_Stiffness!S96,IF(5=Element_Stiffness!$E$75,Element_Stiffness!Y96,0)),IF(Element_Stiffness!$E$75=0,IF(5=Element_Stiffness!$C$75,Element_Stiffness!S102,IF(5=Element_Stiffness!$E$75,Element_Stiffness!Y102,0)),0)),0)+IF(Element_Stiffness!$C$111,IF(Element_Stiffness!$C$110=0,IF(5=Element_Stiffness!$C$110,Element_Stiffness!S131,IF(5=Element_Stiffness!$E$110,Element_Stiffness!Y131,0)),IF(Element_Stiffness!$E$110=0,IF(5=Element_Stiffness!$C$110,Element_Stiffness!S137,IF(5=Element_Stiffness!$E$110,Element_Stiffness!Y137,0)),0)),0)+IF(Element_Stiffness!$C$146,IF(Element_Stiffness!$C$145=0,IF(5=Element_Stiffness!$C$145,Element_Stiffness!S166,IF(5=Element_Stiffness!$E$145,Element_Stiffness!Y166,0)),IF(Element_Stiffness!$E$145=0,IF(5=Element_Stiffness!$C$145,Element_Stiffness!S172,IF(5=Element_Stiffness!$E$145,Element_Stiffness!Y172,0)),0)),0)+IF(Element_Stiffness!$C$181,IF(Element_Stiffness!$C$180=0,IF(5=Element_Stiffness!$C$180,Element_Stiffness!S201,IF(5=Element_Stiffness!$E$180,Element_Stiffness!Y201,0)),IF(Element_Stiffness!$E$180=0,IF(5=Element_Stiffness!$C$180,Element_Stiffness!S207,IF(5=Element_Stiffness!$E$180,Element_Stiffness!Y207,0)),0)),0)+IF(Element_Stiffness!$C$216,IF(Element_Stiffness!$C$215=0,IF(5=Element_Stiffness!$C$215,Element_Stiffness!S236,IF(5=Element_Stiffness!$E$215,Element_Stiffness!Y236,0)),IF(Element_Stiffness!$E$215=0,IF(5=Element_Stiffness!$C$215,Element_Stiffness!S242,IF(5=Element_Stiffness!$E$215,Element_Stiffness!Y242,0)),0)),0) | AK5: =IF(Element_Stiffness!$C$6,IF(Element_Stiffness!$C$5=0,IF(5=Element_Stiffness!$C$5,Element_Stiffness!T26,IF(5=Element_Stiffness!$E$5,Element_Stiffness!Z26,0)),IF(Element_Stiffness!$E$5=0,IF(5=Element_Stiffness!$C$5,Element_Stiffness!T32,IF(5=Element_Stiffness!$E$5,Element_Stiffness!Z32,0)),0)),0)+IF(Element_Stiffness!$C$41,IF(Element_Stiffness!$C$40=0,IF(5=Element_Stiffness!$C$40,Element_Stiffness!T61,IF(5=Element_Stiffness!$E$40,Element_Stiffness!Z61,0)),IF(Element_Stiffness!$E$40=0,IF(5=Element_Stiffness!$C$40,Element_Stiffness!T67,IF(5=Element_Stiffness!$E$40,Element_Stiffness!Z67,0)),0)),0)+IF(Element_Stiffness!$C$76,IF(Element_Stiffness!$C$75=0,IF(5=Element_Stiffness!$C$75,Element_Stiffness!T96,IF(5=Element_Stiffness!$E$75,Element_Stiffness!Z96,0)),IF(Element_Stiffness!$E$75=0,IF(5=Element_Stiffness!$C$75,Element_Stiffness!T102,IF(5=Element_Stiffness!$E$75,Element_Stiffness!Z102,0)),0)),0)+IF(Element_Stiffness!$C$111,IF(Element_Stiffness!$C$110=0,IF(5=Element_Stiffness!$C$110,Element_Stiffness!T131,IF(5=Element_Stiffness!$E$110,Element_Stiffness!Z131,0)),IF(Element_Stiffness!$E$110=0,IF(5=Element_Stiffness!$C$110,Element_Stiffness!T137,IF(5=Element_Stiffness!$E$110,Element_Stiffness!Z137,0)),0)),0)+IF(Element_Stiffness!$C$146,IF(Element_Stiffness!$C$145=0,IF(5=Element_Stiffness!$C$145,Element_Stiffness!T166,IF(5=Element_Stiffness!$E$145,Element_Stiffness!Z166,0)),IF(Element_Stiffness!$E$145=0,IF(5=Element_Stiffness!$C$145,Element_Stiffness!T172,IF(5=Element_Stiffness!$E$145,Element_Stiffness!Z172,0)),0)),0)+IF(Element_Stiffness!$C$181,IF(Element_Stiffness!$C$180=0,IF(5=Element_Stiffness!$C$180,Element_Stiffness!T201,IF(5=Element_Stiffness!$E$180,Element_Stiffness!Z201,0)),IF(Element_Stiffness!$E$180=0,IF(5=Element_Stiffness!$C$180,Element_Stiffness!T207,IF(5=Element_Stiffness!$E$180,Element_Stiffness!Z207,0)),0)),0)+IF(Element_Stiffness!$C$216,IF(Element_Stiffness!$C$215=0,IF(5=Element_Stiffness!$C$215,Element_Stiffness!T236,IF(5=Element_Stiffness!$E$215,Element_Stiffness!Z236,0)),IF(Element_Stiffness!$E$215=0,IF(5=Element_Stiffness!$C$215,Element_Stiffness!T242,IF(5=Element_Stiffness!$E$215,Element_Stiffness!Z242,0)),0)),0) | AL5: =IF(Element_Stiffness!$C$6,IF(Element_Stiffness!$C$5=0,IF(5=Element_Stiffness!$C$5,Element_Stiffness!U26,IF(5=Element_Stiffness!$E$5,Element_Stiffness!AA26,0)),IF(Element_Stiffness!$E$5=0,IF(5=Element_Stiffness!$C$5,Element_Stiffness!U32,IF(5=Element_Stiffness!$E$5,Element_Stiffness!AA32,0)),0)),0)+IF(Element_Stiffness!$C$41,IF(Element_Stiffness!$C$40=0,IF(5=Element_Stiffness!$C$40,Element_Stiffness!U61,IF(5=Element_Stiffness!$E$40,Element_Stiffness!AA61,0)),IF(Element_Stiffness!$E$40=0,IF(5=Element_Stiffness!$C$40,Element_Stiffness!U67,IF(5=Element_Stiffness!$E$40,Element_Stiffness!AA67,0)),0)),0)+IF(Element_Stiffness!$C$76,IF(Element_Stiffness!$C$75=0,IF(5=Element_Stiffness!$C$75,Element_Stiffness!U96,IF(5=Element_Stiffness!$E$75,Element_Stiffness!AA96,0)),IF(Element_Stiffness!$E$75=0,IF(5=Element_Stiffness!$C$75,Element_Stiffness!U102,IF(5=Element_Stiffness!$E$75,Element_Stiffness!AA102,0)),0)),0)+IF(Element_Stiffness!$C$111,IF(Element_Stiffness!$C$110=0,IF(5=Element_Stiffness!$C$110,Element_Stiffness!U131,IF(5=Element_Stiffness!$E$110,Element_Stiffness!AA131,0)),IF(Element_Stiffness!$E$110=0,IF(5=Element_Stiffness!$C$110,Element_Stiffness!U137,IF(5=Element_Stiffness!$E$110,Element_Stiffness!AA137,0)),0)),0)+IF(Element_Stiffness!$C$146,IF(Element_Stiffness!$C$145=0,IF(5=Element_Stiffness!$C$145,Element_Stiffness!U166,IF(5=Element_Stiffness!$E$145,Element_Stiffness!AA166,0)),IF(Element_Stiffness!$E$145=0,IF(5=Element_Stiffness!$C$145,Element_Stiffness!U172,IF(5=Element_Stiffness!$E$145,Element_Stiffness!AA172,0)),0)),0)+IF(Element_Stiffness!$C$181,IF(Element_Stiffness!$C$180=0,IF(5=Element_Stiffness!$C$180,Element_Stiffness!U201,IF(5=Element_Stiffness!$E$180,Element_Stiffness!AA201,0)),IF(Element_Stiffness!$E$180=0,IF(5=Element_Stiffness!$C$180,Element_Stiffness!U207,IF(5=Element_Stiffness!$E$180,Element_Stiffness!AA207,0)),0)),0)+IF(Element_Stiffness!$C$216,IF(Element_Stiffness!$C$215=0,IF(5=Element_Stiffness!$C$215,Element_Stiffness!U236,IF(5=Element_Stiffness!$E$215,Element_Stiffness!AA236,0)),IF(Element_Stiffness!$E$215=0,IF(5=Element_Stiffness!$C$215,Element_Stiffness!U242,IF(5=Element_Stiffness!$E$215,Element_Stiffness!AA242,0)),0)),0) | AM5: =IF(Element_Stiffness!$C$6,IF(Element_Stiffness!$C$5=0,IF(6=Element_Stiffness!$C$5,Element_Stiffness!P26,IF(6=Element_Stiffness!$E$5,Element_Stiffness!V26,0)),IF(Element_Stiffness!$E$5=0,IF(6=Element_Stiffness!$C$5,Element_Stiffness!P32,IF(6=Element_Stiffness!$E$5,Element_Stiffness!V32,0)),0)),0)+IF(Element_Stiffness!$C$41,IF(Element_Stiffness!$C$40=0,IF(6=Element_Stiffness!$C$40,Element_Stiffness!P61,IF(6=Element_Stiffness!$E$40,Element_Stiffness!V61,0)),IF(Element_Stiffness!$E$40=0,IF(6=Element_Stiffness!$C$40,Element_Stiffness!P67,IF(6=Element_Stiffness!$E$40,Element_Stiffness!V67,0)),0)),0)+IF(Element_Stiffness!$C$76,IF(Element_Stiffness!$C$75=0,IF(6=Element_Stiffness!$C$75,Element_Stiffness!P96,IF(6=Element_Stiffness!$E$75,Element_Stiffness!V96,0)),IF(Element_Stiffness!$E$75=0,IF(6=Element_Stiffness!$C$75,Element_Stiffness!P102,IF(6=Element_Stiffness!$E$75,Element_Stiffness!V102,0)),0)),0)+IF(Element_Stiffness!$C$111,IF(Element_Stiffness!$C$110=0,IF(6=Element_Stiffness!$C$110,Element_Stiffness!P131,IF(6=Element_Stiffness!$E$110,Element_Stiffness!V131,0)),IF(Element_Stiffness!$E$110=0,IF(6=Element_Stiffness!$C$110,Element_Stiffness!P137,IF(6=Element_Stiffness!$E$110,Element_Stiffness!V137,0)),0)),0)+IF(Element_Stiffness!$C$146,IF(Element_Stiffness!$C$145=0,IF(6=Element_Stiffness!$C$145,Element_Stiffness!P166,IF(6=Element_Stiffness!$E$145,Element_Stiffness!V166,0)),IF(Element_Stiffness!$E$145=0,IF(6=Element_Stiffness!$C$145,Element_Stiffness!P172,IF(6=Element_Stiffness!$E$145,Element_Stiffness!V172,0)),0)),0)+IF(Element_Stiffness!$C$181,IF(Element_Stiffness!$C$180=0,IF(6=Element_Stiffness!$C$180,Element_Stiffness!P201,IF(6=Element_Stiffness!$E$180,Element_Stiffness!V201,0)),IF(Element_Stiffness!$E$180=0,IF(6=Element_Stiffness!$C$180,Element_Stiffness!P207,IF(6=Element_Stiffness!$E$180,Element_Stiffness!V207,0)),0)),0)+IF(Element_Stiffness!$C$216,IF(Element_Stiffness!$C$215=0,IF(6=Element_Stiffness!$C$215,Element_Stiffness!P236,IF(6=Element_Stiffness!$E$215,Element_Stiffness!V236,0)),IF(Element_Stiffness!$E$215=0,IF(6=Element_Stiffness!$C$215,Element_Stiffness!P242,IF(6=Element_Stiffness!$E$215,Element_Stiffness!V242,0)),0)),0) | AN5: =IF(Element_Stiffness!$C$6,IF(Element_Stiffness!$C$5=0,IF(6=Element_Stiffness!$C$5,Element_Stiffness!Q26,IF(6=Element_Stiffness!$E$5,Element_Stiffness!W26,0)),IF(Element_Stiffness!$E$5=0,IF(6=Element_Stiffness!$C$5,Element_Stiffness!Q32,IF(6=Element_Stiffness!$E$5,Element_Stiffness!W32,0)),0)),0)+IF(Element_Stiffness!$C$41,IF(Element_Stiffness!$C$40=0,IF(6=Element_Stiffness!$C$40,Element_Stiffness!Q61,IF(6=Element_Stiffness!$E$40,Element_Stiffness!W61,0)),IF(Element_Stiffness!$E$40=0,IF(6=Element_Stiffness!$C$40,Element_Stiffness!Q67,IF(6=Element_Stiffness!$E$40,Element_Stiffness!W67,0)),0)),0)+IF(Element_Stiffness!$C$76,IF(Element_Stiffness!$C$75=0,IF(6=Element_Stiffness!$C$75,Element_Stiffness!Q96,IF(6=Element_Stiffness!$E$75,Element_Stiffness!W96,0)),IF(Element_Stiffness!$E$75=0,IF(6=Element_Stiffness!$C$75,Element_Stiffness!Q102,IF(6=Element_Stiffness!$E$75,Element_Stiffness!W102,0)),0)),0)+IF(Element_Stiffness!$C$111,IF(Element_Stiffness!$C$110=0,IF(6=Element_Stiffness!$C$110,Element_Stiffness!Q131,IF(6=Element_Stiffness!$E$110,Element_Stiffness!W131,0)),IF(Element_Stiffness!$E$110=0,IF(6=Element_Stiffness!$C$110,Element_Stiffness!Q137,IF(6=Element_Stiffness!$E$110,Element_Stiffness!W137,0)),0)),0)+IF(Element_Stiffness!$C$146,IF(Element_Stiffness!$C$145=0,IF(6=Element_Stiffness!$C$145,Element_Stiffness!Q166,IF(6=Element_Stiffness!$E$145,Element_Stiffness!W166,0)),IF(Element_Stiffness!$E$145=0,IF(6=Element_Stiffness!$C$145,Element_Stiffness!Q172,IF(6=Element_Stiffness!$E$145,Element_Stiffness!W172,0)),0)),0)+IF(Element_Stiffness!$C$181,IF(Element_Stiffness!$C$180=0,IF(6=Element_Stiffness!$C$180,Element_Stiffness!Q201,IF(6=Element_Stiffness!$E$180,Element_Stiffness!W201,0)),IF(Element_Stiffness!$E$180=0,IF(6=Element_Stiffness!$C$180,Element_Stiffness!Q207,IF(6=Element_Stiffness!$E$180,Element_Stiffness!W207,0)),0)),0)+IF(Element_Stiffness!$C$216,IF(Element_Stiffness!$C$215=0,IF(6=Element_Stiffness!$C$215,Element_Stiffness!Q236,IF(6=Element_Stiffness!$E$215,Element_Stiffness!W236,0)),IF(Element_Stiffness!$E$215=0,IF(6=Element_Stiffness!$C$215,Element_Stiffness!Q242,IF(6=Element_Stiffness!$E$215,Element_Stiffness!W242,0)),0)),0) | AO5: =IF(Element_Stiffness!$C$6,IF(Element_Stiffness!$C$5=0,IF(6=Element_Stiffness!$C$5,Element_Stiffness!R26,IF(6=Element_Stiffness!$E$5,Element_Stiffness!X26,0)),IF(Element_Stiffness!$E$5=0,IF(6=Element_Stiffness!$C$5,Element_Stiffness!R32,IF(6=Element_Stiffness!$E$5,Element_Stiffness!X32,0)),0)),0)+IF(Element_Stiffness!$C$41,IF(Element_Stiffness!$C$40=0,IF(6=Element_Stiffness!$C$40,Element_Stiffness!R61,IF(6=Element_Stiffness!$E$40,Element_Stiffness!X61,0)),IF(Element_Stiffness!$E$40=0,IF(6=Element_Stiffness!$C$40,Element_Stiffness!R67,IF(6=Element_Stiffness!$E$40,Element_Stiffness!X67,0)),0)),0)+IF(Element_Stiffness!$C$76,IF(Element_Stiffness!$C$75=0,IF(6=Element_Stiffness!$C$75,Element_Stiffness!R96,IF(6=Element_Stiffness!$E$75,Element_Stiffness!X96,0)),IF(Element_Stiffness!$E$75=0,IF(6=Element_Stiffness!$C$75,Element_Stiffness!R102,IF(6=Element_Stiffness!$E$75,Element_Stiffness!X102,0)),0)),0)+IF(Element_Stiffness!$C$111,IF(Element_Stiffness!$C$110=0,IF(6=Element_Stiffness!$C$110,Element_Stiffness!R131,IF(6=Element_Stiffness!$E$110,Element_Stiffness!X131,0)),IF(Element_Stiffness!$E$110=0,IF(6=Element_Stiffness!$C$110,Element_Stiffness!R137,IF(6=Element_Stiffness!$E$110,Element_Stiffness!X137,0)),0)),0)+IF(Element_Stiffness!$C$146,IF(Element_Stiffness!$C$145=0,IF(6=Element_Stiffness!$C$145,Element_Stiffness!R166,IF(6=Element_Stiffness!$E$145,Element_Stiffness!X166,0)),IF(Element_Stiffness!$E$145=0,IF(6=Element_Stiffness!$C$145,Element_Stiffness!R172,IF(6=Element_Stiffness!$E$145,Element_Stiffness!X172,0)),0)),0)+IF(Element_Stiffness!$C$181,IF(Element_Stiffness!$C$180=0,IF(6=Element_Stiffness!$C$180,Element_Stiffness!R201,IF(6=Element_Stiffness!$E$180,Element_Stiffness!X201,0)),IF(Element_Stiffness!$E$180=0,IF(6=Element_Stiffness!$C$180,Element_Stiffness!R207,IF(6=Element_Stiffness!$E$180,Element_Stiffness!X207,0)),0)),0)+IF(Element_Stiffness!$C$216,IF(Element_Stiffness!$C$215=0,IF(6=Element_Stiffness!$C$215,Element_Stiffness!R236,IF(6=Element_Stiffness!$E$215,Element_Stiffness!X236,0)),IF(Element_Stiffness!$E$215=0,IF(6=Element_Stiffness!$C$215,Element_Stiffness!R242,IF(6=Element_Stiffness!$E$215,Element_Stiffness!X242,0)),0)),0) | AP5: =IF(Element_Stiffness!$C$6,IF(Element_Stiffness!$C$5=0,IF(6=Element_Stiffness!$C$5,Element_Stiffness!S26,IF(6=Element_Stiffness!$E$5,Element_Stiffness!Y26,0)),IF(Element_Stiffness!$E$5=0,IF(6=Element_Stiffness!$C$5,Element_Stiffness!S32,IF(6=Element_Stiffness!$E$5,Element_Stiffness!Y32,0)),0)),0)+IF(Element_Stiffness!$C$41,IF(Element_Stiffness!$C$40=0,IF(6=Element_Stiffness!$C$40,Element_Stiffness!S61,IF(6=Element_Stiffness!$E$40,Element_Stiffness!Y61,0)),IF(Element_Stiffness!$E$40=0,IF(6=Element_Stiffness!$C$40,Element_Stiffness!S67,IF(6=Element_Stiffness!$E$40,Element_Stiffness!Y67,0)),0)),0)+IF(Element_Stiffness!$C$76,IF(Element_Stiffness!$C$75=0,IF(6=Element_Stiffness!$C$75,Element_Stiffness!S96,IF(6=Element_Stiffness!$E$75,Element_Stiffness!Y96,0)),IF(Element_Stiffness!$E$75=0,IF(6=Element_Stiffness!$C$75,Element_Stiffness!S102,IF(6=Element_Stiffness!$E$75,Element_Stiffness!Y102,0)),0)),0)+IF(Element_Stiffness!$C$111,IF(Element_Stiffness!$C$110=0,IF(6=Element_Stiffness!$C$110,Element_Stiffness!S131,IF(6=Element_Stiffness!$E$110,Element_Stiffness!Y131,0)),IF(Element_Stiffness!$E$110=0,IF(6=Element_Stiffness!$C$110,Element_Stiffness!S137,IF(6=Element_Stiffness!$E$110,Element_Stiffness!Y137,0)),0)),0)+IF(Element_Stiffness!$C$146,IF(Element_Stiffness!$C$145=0,IF(6=Element_Stiffness!$C$145,Element_Stiffness!S166,IF(6=Element_Stiffness!$E$145,Element_Stiffness!Y166,0)),IF(Element_Stiffness!$E$145=0,IF(6=Element_Stiffness!$C$145,Element_Stiffness!S172,IF(6=Element_Stiffness!$E$145,Element_Stiffness!Y172,0)),0)),0)+IF(Element_Stiffness!$C$181,IF(Element_Stiffness!$C$180=0,IF(6=Element_Stiffness!$C$180,Element_Stiffness!S201,IF(6=Element_Stiffness!$E$180,Element_Stiffness!Y201,0)),IF(Element_Stiffness!$E$180=0,IF(6=Element_Stiffness!$C$180,Element_Stiffness!S207,IF(6=Element_Stiffness!$E$180,Element_Stiffness!Y207,0)),0)),0)+IF(Element_Stiffness!$C$216,IF(Element_Stiffness!$C$215=0,IF(6=Element_Stiffness!$C$215,Element_Stiffness!S236,IF(6=Element_Stiffness!$E$215,Element_Stiffness!Y236,0)),IF(Element_Stiffness!$E$215=0,IF(6=Element_Stiffness!$C$215,Element_Stiffness!S242,IF(6=Element_Stiffness!$E$215,Element_Stiffness!Y242,0)),0)),0) | AQ5: =IF(Element_Stiffness!$C$6,IF(Element_Stiffness!$C$5=0,IF(6=Element_Stiffness!$C$5,Element_Stiffness!T26,IF(6=Element_Stiffness!$E$5,Element_Stiffness!Z26,0)),IF(Element_Stiffness!$E$5=0,IF(6=Element_Stiffness!$C$5,Element_Stiffness!T32,IF(6=Element_Stiffness!$E$5,Element_Stiffness!Z32,0)),0)),0)+IF(Element_Stiffness!$C$41,IF(Element_Stiffness!$C$40=0,IF(6=Element_Stiffness!$C$40,Element_Stiffness!T61,IF(6=Element_Stiffness!$E$40,Element_Stiffness!Z61,0)),IF(Element_Stiffness!$E$40=0,IF(6=Element_Stiffness!$C$40,Element_Stiffness!T67,IF(6=Element_Stiffness!$E$40,Element_Stiffness!Z67,0)),0)),0)+IF(Element_Stiffness!$C$76,IF(Element_Stiffness!$C$75=0,IF(6=Element_Stiffness!$C$75,Element_Stiffness!T96,IF(6=Element_Stiffness!$E$75,Element_Stiffness!Z96,0)),IF(Element_Stiffness!$E$75=0,IF(6=Element_Stiffness!$C$75,Element_Stiffness!T102,IF(6=Element_Stiffness!$E$75,Element_Stiffness!Z102,0)),0)),0)+IF(Element_Stiffness!$C$111,IF(Element_Stiffness!$C$110=0,IF(6=Element_Stiffness!$C$110,Element_Stiffness!T131,IF(6=Element_Stiffness!$E$110,Element_Stiffness!Z131,0)),IF(Element_Stiffness!$E$110=0,IF(6=Element_Stiffness!$C$110,Element_Stiffness!T137,IF(6=Element_Stiffness!$E$110,Element_Stiffness!Z137,0)),0)),0)+IF(Element_Stiffness!$C$146,IF(Element_Stiffness!$C$145=0,IF(6=Element_Stiffness!$C$145,Element_Stiffness!T166,IF(6=Element_Stiffness!$E$145,Element_Stiffness!Z166,0)),IF(Element_Stiffness!$E$145=0,IF(6=Element_Stiffness!$C$145,Element_Stiffness!T172,IF(6=Element_Stiffness!$E$145,Element_Stiffness!Z172,0)),0)),0)+IF(Element_Stiffness!$C$181,IF(Element_Stiffness!$C$180=0,IF(6=Element_Stiffness!$C$180,Element_Stiffness!T201,IF(6=Element_Stiffness!$E$180,Element_Stiffness!Z201,0)),IF(Element_Stiffness!$E$180=0,IF(6=Element_Stiffness!$C$180,Element_Stiffness!T207,IF(6=Element_Stiffness!$E$180,Element_Stiffness!Z207,0)),0)),0)+IF(Element_Stiffness!$C$216,IF(Element_Stiffness!$C$215=0,IF(6=Element_Stiffness!$C$215,Element_Stiffness!T236,IF(6=Element_Stiffness!$E$215,Element_Stiffness!Z236,0)),IF(Element_Stiffness!$E$215=0,IF(6=Element_Stiffness!$C$215,Element_Stiffness!T242,IF(6=Element_Stiffness!$E$215,Element_Stiffness!Z242,0)),0)),0) | AR5: =IF(Element_Stiffness!$C$6,IF(Element_Stiffness!$C$5=0,IF(6=Element_Stiffness!$C$5,Element_Stiffness!U26,IF(6=Element_Stiffness!$E$5,Element_Stiffness!AA26,0)),IF(Element_Stiffness!$E$5=0,IF(6=Element_Stiffness!$C$5,Element_Stiffness!U32,IF(6=Element_Stiffness!$E$5,Element_Stiffness!AA32,0)),0)),0)+IF(Element_Stiffness!$C$41,IF(Element_Stiffness!$C$40=0,IF(6=Element_Stiffness!$C$40,Element_Stiffness!U61,IF(6=Element_Stiffness!$E$40,Element_Stiffness!AA61,0)),IF(Element_Stiffness!$E$40=0,IF(6=Element_Stiffness!$C$40,Element_Stiffness!U67,IF(6=Element_Stiffness!$E$40,Element_Stiffness!AA67,0)),0)),0)+IF(Element_Stiffness!$C$76,IF(Element_Stiffness!$C$75=0,IF(6=Element_Stiffness!$C$75,Element_Stiffness!U96,IF(6=Element_Stiffness!$E$75,Element_Stiffness!AA96,0)),IF(Element_Stiffness!$E$75=0,IF(6=Element_Stiffness!$C$75,Element_Stiffness!U102,IF(6=Element_Stiffness!$E$75,Element_Stiffness!AA102,0)),0)),0)+IF(Element_Stiffness!$C$111,IF(Element_Stiffness!$C$110=0,IF(6=Element_Stiffness!$C$110,Element_Stiffness!U131,IF(6=Element_Stiffness!$E$110,Element_Stiffness!AA131,0)),IF(Element_Stiffness!$E$110=0,IF(6=Element_Stiffness!$C$110,Element_Stiffness!U137,IF(6=Element_Stiffness!$E$110,Element_Stiffness!AA137,0)),0)),0)+IF(Element_Stiffness!$C$146,IF(Element_Stiffness!$C$145=0,IF(6=Element_Stiffness!$C$145,Element_Stiffness!U166,IF(6=Element_Stiffness!$E$145,Element_Stiffness!AA166,0)),IF(Element_Stiffness!$E$145=0,IF(6=Element_Stiffness!$C$145,Element_Stiffness!U172,IF(6=Element_Stiffness!$E$145,Element_Stiffness!AA172,0)),0)),0)+IF(Element_Stiffness!$C$181,IF(Element_Stiffness!$C$180=0,IF(6=Element_Stiffness!$C$180,Element_Stiffness!U201,IF(6=Element_Stiffness!$E$180,Element_Stiffness!AA201,0)),IF(Element_Stiffness!$E$180=0,IF(6=Element_Stiffness!$C$180,Element_Stiffness!U207,IF(6=Element_Stiffness!$E$180,Element_Stiffness!AA207,0)),0)),0)+IF(Element_Stiffness!$C$216,IF(Element_Stiffness!$C$215=0,IF(6=Element_Stiffness!$C$215,Element_Stiffness!U236,IF(6=Element_Stiffness!$E$215,Element_Stiffness!AA236,0)),IF(Element_Stiffness!$E$215=0,IF(6=Element_Stiffness!$C$215,Element_Stiffness!U242,IF(6=Element_Stiffness!$E$215,Element_Stiffness!AA242,0)),0)),0) | AS5: =IF(Element_Stiffness!$C$6,IF(Element_Stiffness!$C$5=0,IF(7=Element_Stiffness!$C$5,Element_Stiffness!P26,IF(7=Element_Stiffness!$E$5,Element_Stiffness!V26,0)),IF(Element_Stiffness!$E$5=0,IF(7=Element_Stiffness!$C$5,Element_Stiffness!P32,IF(7=Element_Stiffness!$E$5,Element_Stiffness!V32,0)),0)),0)+IF(Element_Stiffness!$C$41,IF(Element_Stiffness!$C$40=0,IF(7=Element_Stiffness!$C$40,Element_Stiffness!P61,IF(7=Element_Stiffness!$E$40,Element_Stiffness!V61,0)),IF(Element_Stiffness!$E$40=0,IF(7=Element_Stiffness!$C$40,Element_Stiffness!P67,IF(7=Element_Stiffness!$E$40,Element_Stiffness!V67,0)),0)),0)+IF(Element_Stiffness!$C$76,IF(Element_Stiffness!$C$75=0,IF(7=Element_Stiffness!$C$75,Element_Stiffness!P96,IF(7=Element_Stiffness!$E$75,Element_Stiffness!V96,0)),IF(Element_Stiffness!$E$75=0,IF(7=Element_Stiffness!$C$75,Element_Stiffness!P102,IF(7=Element_Stiffness!$E$75,Element_Stiffness!V102,0)),0)),0)+IF(Element_Stiffness!$C$111,IF(Element_Stiffness!$C$110=0,IF(7=Element_Stiffness!$C$110,Element_Stiffness!P131,IF(7=Element_Stiffness!$E$110,Element_Stiffness!V131,0)),IF(Element_Stiffness!$E$110=0,IF(7=Element_Stiffness!$C$110,Element_Stiffness!P137,IF(7=Element_Stiffness!$E$110,Element_Stiffness!V137,0)),0)),0)+IF(Element_Stiffness!$C$146,IF(Element_Stiffness!$C$145=0,IF(7=Element_Stiffness!$C$145,Element_Stiffness!P166,IF(7=Element_Stiffness!$E$145,Element_Stiffness!V166,0)),IF(Element_Stiffness!$E$145=0,IF(7=Element_Stiffness!$C$145,Element_Stiffness!P172,IF(7=Element_Stiffness!$E$145,Element_Stiffness!V172,0)),0)),0)+IF(Element_Stiffness!$C$181,IF(Element_Stiffness!$C$180=0,IF(7=Element_Stiffness!$C$180,Element_Stiffness!P201,IF(7=Element_Stiffness!$E$180,Element_Stiffness!V201,0)),IF(Element_Stiffness!$E$180=0,IF(7=Element_Stiffness!$C$180,Element_Stiffness!P207,IF(7=Element_Stiffness!$E$180,Element_Stiffness!V207,0)),0)),0)+IF(Element_Stiffness!$C$216,IF(Element_Stiffness!$C$215=0,IF(7=Element_Stiffness!$C$215,Element_Stiffness!P236,IF(7=Element_Stiffness!$E$215,Element_Stiffness!V236,0)),IF(Element_Stiffness!$E$215=0,IF(7=Element_Stiffness!$C$215,Element_Stiffness!P242,IF(7=Element_Stiffness!$E$215,Element_Stiffness!V242,0)),0)),0) | AT5: =IF(Element_Stiffness!$C$6,IF(Element_Stiffness!$C$5=0,IF(7=Element_Stiffness!$C$5,Element_Stiffness!Q26,IF(7=Element_Stiffness!$E$5,Element_Stiffness!W26,0)),IF(Element_Stiffness!$E$5=0,IF(7=Element_Stiffness!$C$5,Element_Stiffness!Q32,IF(7=Element_Stiffness!$E$5,Element_Stiffness!W32,0)),0)),0)+IF(Element_Stiffness!$C$41,IF(Element_Stiffness!$C$40=0,IF(7=Element_Stiffness!$C$40,Element_Stiffness!Q61,IF(7=Element_Stiffness!$E$40,Element_Stiffness!W61,0)),IF(Element_Stiffness!$E$40=0,IF(7=Element_Stiffness!$C$40,Element_Stiffness!Q67,IF(7=Element_Stiffness!$E$40,Element_Stiffness!W67,0)),0)),0)+IF(Element_Stiffness!$C$76,IF(Element_Stiffness!$C$75=0,IF(7=Element_Stiffness!$C$75,Element_Stiffness!Q96,IF(7=Element_Stiffness!$E$75,Element_Stiffness!W96,0)),IF(Element_Stiffness!$E$75=0,IF(7=Element_Stiffness!$C$75,Element_Stiffness!Q102,IF(7=Element_Stiffness!$E$75,Element_Stiffness!W102,0)),0)),0)+IF(Element_Stiffness!$C$111,IF(Element_Stiffness!$C$110=0,IF(7=Element_Stiffness!$C$110,Element_Stiffness!Q131,IF(7=Element_Stiffness!$E$110,Element_Stiffness!W131,0)),IF(Element_Stiffness!$E$110=0,IF(7=Element_Stiffness!$C$110,Element_Stiffness!Q137,IF(7=Element_Stiffness!$E$110,Element_Stiffness!W137,0)),0)),0)+IF(Element_Stiffness!$C$146,IF(Element_Stiffness!$C$145=0,IF(7=Element_Stiffness!$C$145,Element_Stiffness!Q166,IF(7=Element_Stiffness!$E$145,Element_Stiffness!W166,0)),IF(Element_Stiffness!$E$145=0,IF(7=Element_Stiffness!$C$145,Element_Stiffness!Q172,IF(7=Element_Stiffness!$E$145,Element_Stiffness!W172,0)),0)),0)+IF(Element_Stiffness!$C$181,IF(Element_Stiffness!$C$180=0,IF(7=Element_Stiffness!$C$180,Element_Stiffness!Q201,IF(7=Element_Stiffness!$E$180,Element_Stiffness!W201,0)),IF(Element_Stiffness!$E$180=0,IF(7=Element_Stiffness!$C$180,Element_Stiffness!Q207,IF(7=Element_Stiffness!$E$180,Element_Stiffness!W207,0)),0)),0)+IF(Element_Stiffness!$C$216,IF(Element_Stiffness!$C$215=0,IF(7=Element_Stiffness!$C$215,Element_Stiffness!Q236,IF(7=Element_Stiffness!$E$215,Element_Stiffness!W236,0)),IF(Element_Stiffness!$E$215=0,IF(7=Element_Stiffness!$C$215,Element_Stiffness!Q242,IF(7=Element_Stiffness!$E$215,Element_Stiffness!W242,0)),0)),0) | AU5: =IF(Element_Stiffness!$C$6,IF(Element_Stiffness!$C$5=0,IF(7=Element_Stiffness!$C$5,Element_Stiffness!R26,IF(7=Element_Stiffness!$E$5,Element_Stiffness!X26,0)),IF(Element_Stiffness!$E$5=0,IF(7=Element_Stiffness!$C$5,Element_Stiffness!R32,IF(7=Element_Stiffness!$E$5,Element_Stiffness!X32,0)),0)),0)+IF(Element_Stiffness!$C$41,IF(Element_Stiffness!$C$40=0,IF(7=Element_Stiffness!$C$40,Element_Stiffness!R61,IF(7=Element_Stiffness!$E$40,Element_Stiffness!X61,0)),IF(Element_Stiffness!$E$40=0,IF(7=Element_Stiffness!$C$40,Element_Stiffness!R67,IF(7=Element_Stiffness!$E$40,Element_Stiffness!X67,0)),0)),0)+IF(Element_Stiffness!$C$76,IF(Element_Stiffness!$C$75=0,IF(7=Element_Stiffness!$C$75,Element_Stiffness!R96,IF(7=Element_Stiffness!$E$75,Element_Stiffness!X96,0)),IF(Element_Stiffness!$E$75=0,IF(7=Element_Stiffness!$C$75,Element_Stiffness!R102,IF(7=Element_Stiffness!$E$75,Element_Stiffness!X102,0)),0)),0)+IF(Element_Stiffness!$C$111,IF(Element_Stiffness!$C$110=0,IF(7=Element_Stiffness!$C$110,Element_Stiffness!R131,IF(7=Element_Stiffness!$E$110,Element_Stiffness!X131,0)),IF(Element_Stiffness!$E$110=0,IF(7=Element_Stiffness!$C$110,Element_Stiffness!R137,IF(7=Element_Stiffness!$E$110,Element_Stiffness!X137,0)),0)),0)+IF(Element_Stiffness!$C$146,IF(Element_Stiffness!$C$145=0,IF(7=Element_Stiffness!$C$145,Element_Stiffness!R166,IF(7=Element_Stiffness!$E$145,Element_Stiffness!X166,0)),IF(Element_Stiffness!$E$145=0,IF(7=Element_Stiffness!$C$145,Element_Stiffness!R172,IF(7=Element_Stiffness!$E$145,Element_Stiffness!X172,0)),0)),0)+IF(Element_Stiffness!$C$181,IF(Element_Stiffness!$C$180=0,IF(7=Element_Stiffness!$C$180,Element_Stiffness!R201,IF(7=Element_Stiffness!$E$180,Element_Stiffness!X201,0)),IF(Element_Stiffness!$E$180=0,IF(7=Element_Stiffness!$C$180,Element_Stiffness!R207,IF(7=Element_Stiffness!$E$180,Element_Stiffness!X207,0)),0)),0)+IF(Element_Stiffness!$C$216,IF(Element_Stiffness!$C$215=0,IF(7=Element_Stiffness!$C$215,Element_Stiffness!R236,IF(7=Element_Stiffness!$E$215,Element_Stiffness!X236,0)),IF(Element_Stiffness!$E$215=0,IF(7=Element_Stiffness!$C$215,Element_Stiffness!R242,IF(7=Element_Stiffness!$E$215,Element_Stiffness!X242,0)),0)),0) | AV5: =IF(Element_Stiffness!$C$6,IF(Element_Stiffness!$C$5=0,IF(7=Element_Stiffness!$C$5,Element_Stiffness!S26,IF(7=Element_Stiffness!$E$5,Element_Stiffness!Y26,0)),IF(Element_Stiffness!$E$5=0,IF(7=Element_Stiffness!$C$5,Element_Stiffness!S32,IF(7=Element_Stiffness!$E$5,Element_Stiffness!Y32,0)),0)),0)+IF(Element_Stiffness!$C$41,IF(Element_Stiffness!$C$40=0,IF(7=Element_Stiffness!$C$40,Element_Stiffness!S61,IF(7=Element_Stiffness!$E$40,Element_Stiffness!Y61,0)),IF(Element_Stiffness!$E$40=0,IF(7=Element_Stiffness!$C$40,Element_Stiffness!S67,IF(7=Element_Stiffness!$E$40,Element_Stiffness!Y67,0)),0)),0)+IF(Element_Stiffness!$C$76,IF(Element_Stiffness!$C$75=0,IF(7=Element_Stiffness!$C$75,Element_Stiffness!S96,IF(7=Element_Stiffness!$E$75,Element_Stiffness!Y96,0)),IF(Element_Stiffness!$E$75=0,IF(7=Element_Stiffness!$C$75,Element_Stiffness!S102,IF(7=Element_Stiffness!$E$75,Element_Stiffness!Y102,0)),0)),0)+IF(Element_Stiffness!$C$111,IF(Element_Stiffness!$C$110=0,IF(7=Element_Stiffness!$C$110,Element_Stiffness!S131,IF(7=Element_Stiffness!$E$110,Element_Stiffness!Y131,0)),IF(Element_Stiffness!$E$110=0,IF(7=Element_Stiffness!$C$110,Element_Stiffness!S137,IF(7=Element_Stiffness!$E$110,Element_Stiffness!Y137,0)),0)),0)+IF(Element_Stiffness!$C$146,IF(Element_Stiffness!$C$145=0,IF(7=Element_Stiffness!$C$145,Element_Stiffness!S166,IF(7=Element_Stiffness!$E$145,Element_Stiffness!Y166,0)),IF(Element_Stiffness!$E$145=0,IF(7=Element_Stiffness!$C$145,Element_Stiffness!S172,IF(7=Element_Stiffness!$E$145,Element_Stiffness!Y172,0)),0)),0)+IF(Element_Stiffness!$C$181,IF(Element_Stiffness!$C$180=0,IF(7=Element_Stiffness!$C$180,Element_Stiffness!S201,IF(7=Element_Stiffness!$E$180,Element_Stiffness!Y201,0)),IF(Element_Stiffness!$E$180=0,IF(7=Element_Stiffness!$C$180,Element_Stiffness!S207,IF(7=Element_Stiffness!$E$180,Element_Stiffness!Y207,0)),0)),0)+IF(Element_Stiffness!$C$216,IF(Element_Stiffness!$C$215=0,IF(7=Element_Stiffness!$C$215,Element_Stiffness!S236,IF(7=Element_Stiffness!$E$215,Element_Stiffness!Y236,0)),IF(Element_Stiffness!$E$215=0,IF(7=Element_Stiffness!$C$215,Element_Stiffness!S242,IF(7=Element_Stiffness!$E$215,Element_Stiffness!Y242,0)),0)),0) | AW5: =IF(Element_Stiffness!$C$6,IF(Element_Stiffness!$C$5=0,IF(7=Element_Stiffness!$C$5,Element_Stiffness!T26,IF(7=Element_Stiffness!$E$5,Element_Stiffness!Z26,0)),IF(Element_Stiffness!$E$5=0,IF(7=Element_Stiffness!$C$5,Element_Stiffness!T32,IF(7=Element_Stiffness!$E$5,Element_Stiffness!Z32,0)),0)),0)+IF(Element_Stiffness!$C$41,IF(Element_Stiffness!$C$40=0,IF(7=Element_Stiffness!$C$40,Element_Stiffness!T61,IF(7=Element_Stiffness!$E$40,Element_Stiffness!Z61,0)),IF(Element_Stiffness!$E$40=0,IF(7=Element_Stiffness!$C$40,Element_Stiffness!T67,IF(7=Element_Stiffness!$E$40,Element_Stiffness!Z67,0)),0)),0)+IF(Element_Stiffness!$C$76,IF(Element_Stiffness!$C$75=0,IF(7=Element_Stiffness!$C$75,Element_Stiffness!T96,IF(7=Element_Stiffness!$E$75,Element_Stiffness!Z96,0)),IF(Element_Stiffness!$E$75=0,IF(7=Element_Stiffness!$C$75,Element_Stiffness!T102,IF(7=Element_Stiffness!$E$75,Element_Stiffness!Z102,0)),0)),0)+IF(Element_Stiffness!$C$111,IF(Element_Stiffness!$C$110=0,IF(7=Element_Stiffness!$C$110,Element_Stiffness!T131,IF(7=Element_Stiffness!$E$110,Element_Stiffness!Z131,0)),IF(Element_Stiffness!$E$110=0,IF(7=Element_Stiffness!$C$110,Element_Stiffness!T137,IF(7=Element_Stiffness!$E$110,Element_Stiffness!Z137,0)),0)),0)+IF(Element_Stiffness!$C$146,IF(Element_Stiffness!$C$145=0,IF(7=Element_Stiffness!$C$145,Element_Stiffness!T166,IF(7=Element_Stiffness!$E$145,Element_Stiffness!Z166,0)),IF(Element_Stiffness!$E$145=0,IF(7=Element_Stiffness!$C$145,Element_Stiffness!T172,IF(7=Element_Stiffness!$E$145,Element_Stiffness!Z172,0)),0)),0)+IF(Element_Stiffness!$C$181,IF(Element_Stiffness!$C$180=0,IF(7=Element_Stiffness!$C$180,Element_Stiffness!T201,IF(7=Element_Stiffness!$E$180,Element_Stiffness!Z201,0)),IF(Element_Stiffness!$E$180=0,IF(7=Element_Stiffness!$C$180,Element_Stiffness!T207,IF(7=Element_Stiffness!$E$180,Element_Stiffness!Z207,0)),0)),0)+IF(Element_Stiffness!$C$216,IF(Element_Stiffness!$C$215=0,IF(7=Element_Stiffness!$C$215,Element_Stiffness!T236,IF(7=Element_Stiffness!$E$215,Element_Stiffness!Z236,0)),IF(Element_Stiffness!$E$215=0,IF(7=Element_Stiffness!$C$215,Element_Stiffness!T242,IF(7=Element_Stiffness!$E$215,Element_Stiffness!Z242,0)),0)),0) | AX5: =IF(Element_Stiffness!$C$6,IF(Element_Stiffness!$C$5=0,IF(7=Element_Stiffness!$C$5,Element_Stiffness!U26,IF(7=Element_Stiffness!$E$5,Element_Stiffness!AA26,0)),IF(Element_Stiffness!$E$5=0,IF(7=Element_Stiffness!$C$5,Element_Stiffness!U32,IF(7=Element_Stiffness!$E$5,Element_Stiffness!AA32,0)),0)),0)+IF(Element_Stiffness!$C$41,IF(Element_Stiffness!$C$40=0,IF(7=Element_Stiffness!$C$40,Element_Stiffness!U61,IF(7=Element_Stiffness!$E$40,Element_Stiffness!AA61,0)),IF(Element_Stiffness!$E$40=0,IF(7=Element_Stiffness!$C$40,Element_Stiffness!U67,IF(7=Element_Stiffness!$E$40,Element_Stiffness!AA67,0)),0)),0)+IF(Element_Stiffness!$C$76,IF(Element_Stiffness!$C$75=0,IF(7=Element_Stiffness!$C$75,Element_Stiffness!U96,IF(7=Element_Stiffness!$E$75,Element_Stiffness!AA96,0)),IF(Element_Stiffness!$E$75=0,IF(7=Element_Stiffness!$C$75,Element_Stiffness!U102,IF(7=Element_Stiffness!$E$75,Element_Stiffness!AA102,0)),0)),0)+IF(Element_Stiffness!$C$111,IF(Element_Stiffness!$C$110=0,IF(7=Element_Stiffness!$C$110,Element_Stiffness!U131,IF(7=Element_Stiffness!$E$110,Element_Stiffness!AA131,0)),IF(Element_Stiffness!$E$110=0,IF(7=Element_Stiffness!$C$110,Element_Stiffness!U137,IF(7=Element_Stiffness!$E$110,Element_Stiffness!AA137,0)),0)),0)+IF(Element_Stiffness!$C$146,IF(Element_Stiffness!$C$145=0,IF(7=Element_Stiffness!$C$145,Element_Stiffness!U166,IF(7=Element_Stiffness!$E$145,Element_Stiffness!AA166,0)),IF(Element_Stiffness!$E$145=0,IF(7=Element_Stiffness!$C$145,Element_Stiffness!U172,IF(7=Element_Stiffness!$E$145,Element_Stiffness!AA172,0)),0)),0)+IF(Element_Stiffness!$C$181,IF(Element_Stiffness!$C$180=0,IF(7=Element_Stiffness!$C$180,Element_Stiffness!U201,IF(7=Element_Stiffness!$E$180,Element_Stiffness!AA201,0)),IF(Element_Stiffness!$E$180=0,IF(7=Element_Stiffness!$C$180,Element_Stiffness!U207,IF(7=Element_Stiffness!$E$180,Element_Stiffness!AA207,0)),0)),0)+IF(Element_Stiffness!$C$216,IF(Element_Stiffness!$C$215=0,IF(7=Element_Stiffness!$C$215,Element_Stiffness!U236,IF(7=Element_Stiffness!$E$215,Element_Stiffness!AA236,0)),IF(Element_Stiffness!$E$215=0,IF(7=Element_Stiffness!$C$215,Element_Stiffness!U242,IF(7=Element_Stiffness!$E$215,Element_Stiffness!AA242,0)),0)),0) | AY5: 0 | AZ5: =IF(Element_Stiffness!$C$6,IF(Element_Stiffness!$C$5=0,Element_Stiffness!C26,IF(Element_Stiffness!$E$5=0,Element_Stiffness!C32,0)),0)+IF(Element_Stiffness!$C$41,IF(Element_Stiffness!$C$40=0,Element_Stiffness!C61,IF(Element_Stiffness!$E$40=0,Element_Stiffness!C67,0)),0)+IF(Element_Stiffness!$C$76,IF(Element_Stiffness!$C$75=0,Element_Stiffness!C96,IF(Element_Stiffness!$E$75=0,Element_Stiffness!C102,0)),0)+IF(Element_Stiffness!$C$111,IF(Element_Stiffness!$C$110=0,Element_Stiffness!C131,IF(Element_Stiffness!$E$110=0,Element_Stiffness!C137,0)),0)+IF(Element_Stiffness!$C$146,IF(Element_Stiffness!$C$145=0,Element_Stiffness!C166,IF(Element_Stiffness!$E$145=0,Element_Stiffness!C172,0)),0)+IF(Element_Stiffness!$C$181,IF(Element_Stiffness!$C$180=0,Element_Stiffness!C201,IF(Element_Stiffness!$E$180=0,Element_Stiffness!C207,0)),0)+IF(Element_Stiffness!$C$216,IF(Element_Stiffness!$C$215=0,Element_Stiffness!C236,IF(Element_Stiffness!$E$215=0,Element_Stiffness!C242,0)),0) | BB5: =INDEX(MMULT(MINVERSE(C5:AX52), AY5:AY52), 1, 1) | BC5: =INDEX(MMULT(MINVERSE(C5:AX52), AZ5:AZ52), 1, 1)
